1,Q0,table-0125-805,1.0,1.751,smarttable
1,Q0,table-0389-400,2.0,1.751,smarttable
1,Q0,table-0370-614,3.0,1.421,smarttable
1,Q0,table-0037-411,4.0,0.868,smarttable
1,Q0,table-1042-895,5.0,0.828,smarttable
1,Q0,table-0914-101,6.0,0.821,smarttable
1,Q0,table-0255-236,7.0,0.7638396825396825,smarttable
1,Q0,table-0904-852,8.0,0.671,smarttable
1,Q0,table-0552-510,9.0,0.6533333333333334,smarttable
1,Q0,table-0424-979,10.0,0.328,smarttable
1,Q0,table-0063-827,11.0,0.276,smarttable
1,Q0,table-0914-103,12.0,0.229,smarttable
1,Q0,table-0168-741,13.0,0.199,smarttable
1,Q0,table-0464-505,14.0,0.158,smarttable
1,Q0,table-1049-763,15.0,0.152,smarttable
2,Q0,table-1408-871,1.0,1.906,smarttable
2,Q0,table-1408-869,2.0,1.885,smarttable
2,Q0,table-1408-870,3.0,1.798,smarttable
2,Q0,table-1578-197,4.0,1.5354357142857145,smarttable
2,Q0,table-1408-874,5.0,1.143,smarttable
2,Q0,table-0386-945,6.0,1.0635833333333335,smarttable
2,Q0,table-1552-729,7.0,1.037,smarttable
2,Q0,table-0346-771,8.0,0.999,smarttable
2,Q0,table-0395-845,9.0,0.999,smarttable
2,Q0,table-0396-317,10.0,0.999,smarttable
2,Q0,table-0396-315,11.0,0.999,smarttable
2,Q0,table-0396-314,12.0,0.999,smarttable
2,Q0,table-0396-316,13.0,0.999,smarttable
2,Q0,table-0552-593,14.0,0.999,smarttable
2,Q0,table-1564-439,15.0,0.967,smarttable
3,Q0,table-1275-187,1.0,1.442,smarttable
3,Q0,table-1254-979,2.0,1.3275,smarttable
3,Q0,table-0005-925,3.0,0.998,smarttable
3,Q0,table-0005-926,4.0,0.998,smarttable
3,Q0,table-0005-923,5.0,0.995,smarttable
3,Q0,table-0005-922,6.0,0.995,smarttable
3,Q0,table-0005-924,7.0,0.995,smarttable
3,Q0,table-0005-921,8.0,0.995,smarttable
3,Q0,table-0005-927,9.0,0.792,smarttable
3,Q0,table-0258-207,10.0,0.763,smarttable
3,Q0,table-0483-357,11.0,0.722,smarttable
3,Q0,table-0990-862,12.0,0.7066666666666667,smarttable
3,Q0,table-0009-475,13.0,0.653,smarttable
3,Q0,table-0187-658,14.0,0.371,smarttable
3,Q0,table-1438-931,15.0,0.338,smarttable
4,Q0,table-1417-134,1.0,2.0,smarttable
4,Q0,table-1417-135,2.0,2.0,smarttable
4,Q0,table-1417-142,3.0,2.0,smarttable
4,Q0,table-1417-147,4.0,2.0,smarttable
4,Q0,table-1511-82,5.0,2.0,smarttable
4,Q0,table-1417-143,6.0,1.999,smarttable
4,Q0,table-1511-78,7.0,1.999,smarttable
4,Q0,table-1511-79,8.0,1.998,smarttable
4,Q0,table-1511-84,9.0,1.998,smarttable
4,Q0,table-1511-86,10.0,1.996,smarttable
4,Q0,table-1417-144,11.0,1.99,smarttable
4,Q0,table-1417-145,12.0,1.99,smarttable
4,Q0,table-1417-141,13.0,1.989,smarttable
4,Q0,table-1417-140,14.0,1.989,smarttable
4,Q0,table-1511-83,15.0,1.986,smarttable
5,Q0,table-0452-375,1.0,1.548,smarttable
5,Q0,table-1530-281,2.0,1.429,smarttable
5,Q0,table-1264-72,3.0,1.035,smarttable
5,Q0,table-0600-606,4.0,0.973,smarttable
5,Q0,table-0600-605,5.0,0.973,smarttable
5,Q0,table-0600-604,6.0,0.973,smarttable
5,Q0,table-1599-557,7.0,0.969,smarttable
5,Q0,table-1444-333,8.0,0.7777777777777778,smarttable
5,Q0,table-0600-601,9.0,0.681,smarttable
5,Q0,table-1088-407,10.0,0.665,smarttable
5,Q0,table-0600-600,11.0,0.654,smarttable
5,Q0,table-1455-559,12.0,0.324,smarttable
5,Q0,table-0407-989,13.0,0.201,smarttable
5,Q0,table-0248-862,14.0,0.2,smarttable
5,Q0,table-1385-549,15.0,0.178,smarttable
6,Q0,table-0364-358,1.0,0.97,smarttable
6,Q0,table-1421-346,2.0,0.932,smarttable
6,Q0,table-1488-888,3.0,0.932,smarttable
6,Q0,table-1495-660,4.0,0.871,smarttable
6,Q0,table-1280-419,5.0,0.868,smarttable
6,Q0,table-0386-340,6.0,0.865,smarttable
6,Q0,table-0402-824,7.0,0.865,smarttable
6,Q0,table-0313-748,8.0,0.863,smarttable
6,Q0,table-1370-780,9.0,0.815,smarttable
6,Q0,table-1495-661,10.0,0.719,smarttable
6,Q0,table-0349-707,11.0,0.635,smarttable
6,Q0,table-0008-994,12.0,0.19775,smarttable
6,Q0,table-0094-625,13.0,0.165,smarttable
6,Q0,table-0720-762,14.0,0.145,smarttable
6,Q0,table-1393-928,15.0,0.143,smarttable
7,Q0,table-0406-281,1.0,1.27,smarttable
7,Q0,table-0519-449,2.0,0.09316666666666668,smarttable
7,Q0,table-1594-2,3.0,0.074,smarttable
7,Q0,table-0592-701,4.0,0.06636666666666667,smarttable
7,Q0,table-0453-280,5.0,0.065,smarttable
7,Q0,table-0266-218,6.0,0.064,smarttable
7,Q0,table-1344-229,7.0,0.058,smarttable
7,Q0,table-1437-805,8.0,0.052,smarttable
7,Q0,table-0291-159,9.0,0.045,smarttable
7,Q0,table-1219-416,10.0,0.041,smarttable
7,Q0,table-1401-117,11.0,0.037,smarttable
7,Q0,table-0367-173,12.0,0.033,smarttable
7,Q0,table-0289-554,13.0,0.024,smarttable
7,Q0,table-0453-279,14.0,0.018,smarttable
7,Q0,table-1375-849,15.0,0.017,smarttable
8,Q0,table-0145-207,1.0,1.648,smarttable
8,Q0,table-1610-48,2.0,1.5332190476190475,smarttable
8,Q0,table-0176-187,3.0,1.071,smarttable
8,Q0,table-1389-263,4.0,0.947,smarttable
8,Q0,table-1389-262,5.0,0.947,smarttable
8,Q0,table-1358-28,6.0,0.882,smarttable
8,Q0,table-1389-264,7.0,0.872,smarttable
8,Q0,table-0177-459,8.0,0.808,smarttable
8,Q0,table-0044-50,9.0,0.6938333333333334,smarttable
8,Q0,table-0633-54,10.0,0.663702380952381,smarttable
8,Q0,table-0633-57,11.0,0.4369285714285715,smarttable
8,Q0,table-1509-515,12.0,0.4369285714285715,smarttable
8,Q0,table-0628-491,13.0,0.29,smarttable
8,Q0,table-0569-730,14.0,0.222,smarttable
8,Q0,table-0359-356,15.0,0.168,smarttable
9,Q0,table-1619-337,1.0,1.842,smarttable
9,Q0,table-1619-336,2.0,1.7973333333333332,smarttable
9,Q0,table-0601-200,3.0,1.749,smarttable
9,Q0,table-0601-201,4.0,1.723,smarttable
9,Q0,table-0600-579,5.0,1.598,smarttable
9,Q0,table-0601-199,6.0,1.2175,smarttable
9,Q0,table-0371-315,7.0,1.073,smarttable
9,Q0,table-0371-314,8.0,0.902,smarttable
9,Q0,table-1403-409,9.0,0.478,smarttable
9,Q0,table-0471-463,10.0,0.21691666666666665,smarttable
9,Q0,table-0148-456,11.0,0.132,smarttable
9,Q0,table-0599-803,12.0,0.086,smarttable
9,Q0,table-0123-459,13.0,0.084,smarttable
9,Q0,table-1402-475,14.0,0.032,smarttable
9,Q0,table-1286-2,15.0,0.03,smarttable
10,Q0,table-1384-651,1.0,1.721,smarttable
10,Q0,table-1384-649,2.0,1.699,smarttable
10,Q0,table-1384-653,3.0,1.699,smarttable
10,Q0,table-1387-237,4.0,1.577,smarttable
10,Q0,table-0152-596,5.0,1.304,smarttable
10,Q0,table-1384-652,6.0,1.175,smarttable
10,Q0,table-0384-352,7.0,1.075,smarttable
10,Q0,table-1384-654,8.0,1.053,smarttable
10,Q0,table-0384-349,9.0,1.042,smarttable
10,Q0,table-0384-350,10.0,1.023,smarttable
10,Q0,table-0384-354,11.0,0.987,smarttable
10,Q0,table-0384-351,12.0,0.98,smarttable
10,Q0,table-0384-348,13.0,0.979,smarttable
10,Q0,table-0921-716,14.0,0.949,smarttable
10,Q0,table-1091-421,15.0,0.83,smarttable
11,Q0,table-0891-868,1.0,1.365,smarttable
11,Q0,table-1016-927,2.0,0.671,smarttable
11,Q0,table-1482-244,3.0,0.164,smarttable
11,Q0,table-0243-839,4.0,0.1345416666666667,smarttable
11,Q0,table-0362-968,5.0,0.12,smarttable
11,Q0,table-0891-869,6.0,0.119,smarttable
11,Q0,table-0754-22,7.0,0.094,smarttable
11,Q0,table-1518-448,8.0,0.093,smarttable
11,Q0,table-0754-278,9.0,0.083,smarttable
11,Q0,table-1574-248,10.0,0.074,smarttable
11,Q0,table-1622-305,11.0,0.073,smarttable
11,Q0,table-0410-214,12.0,0.057,smarttable
11,Q0,table-0272-55,13.0,0.053,smarttable
11,Q0,table-0279-349,14.0,0.05253846153846154,smarttable
11,Q0,table-0951-285,15.0,0.04,smarttable
12,Q0,table-1315-700,1.0,0.049,smarttable
12,Q0,table-0943-565,2.0,0.023,smarttable
12,Q0,table-1028-382,3.0,0.019,smarttable
12,Q0,table-0154-371,4.0,0.017,smarttable
12,Q0,table-0066-658,5.0,0.013,smarttable
12,Q0,table-1591-155,6.0,0.01,smarttable
12,Q0,table-0775-559,7.0,0.009,smarttable
12,Q0,table-1535-319,8.0,0.008,smarttable
12,Q0,table-0972-522,9.0,0.006,smarttable
12,Q0,table-1204-834,10.0,0.006,smarttable
12,Q0,table-0233-443,11.0,0.005,smarttable
12,Q0,table-0077-563,12.0,0.004,smarttable
12,Q0,table-1119-799,13.0,0.004,smarttable
12,Q0,table-1520-40,14.0,0.003,smarttable
12,Q0,table-0016-922,15.0,0.002,smarttable
13,Q0,table-1447-381,1.0,1.95,smarttable
13,Q0,table-0263-444,2.0,1.942,smarttable
13,Q0,table-1320-890,3.0,1.919,smarttable
13,Q0,table-1447-380,4.0,1.893,smarttable
13,Q0,table-1640-284,5.0,1.874,smarttable
13,Q0,table-0482-24,6.0,1.868,smarttable
13,Q0,table-0311-394,7.0,1.772,smarttable
13,Q0,table-1365-737,8.0,1.764,smarttable
13,Q0,table-1613-935,9.0,1.76,smarttable
13,Q0,table-0072-231,10.0,1.6449285714285715,smarttable
13,Q0,table-1515-997,11.0,1.5938333333333332,smarttable
13,Q0,table-1647-839,12.0,1.4179166666666667,smarttable
13,Q0,table-0129-161,13.0,1.1715952380952381,smarttable
13,Q0,table-1597-359,14.0,1.150778560985798,smarttable
13,Q0,table-1320-888,15.0,1.1193333333333335,smarttable
14,Q0,table-1281-687,1.0,1.269,smarttable
14,Q0,table-0354-325,2.0,0.755,smarttable
14,Q0,table-1579-731,3.0,0.722,smarttable
14,Q0,table-0896-9,4.0,0.157,smarttable
14,Q0,table-0392-579,5.0,0.156,smarttable
14,Q0,table-1389-751,6.0,0.105,smarttable
14,Q0,table-1358-137,7.0,0.09,smarttable
14,Q0,table-0503-892,8.0,0.081,smarttable
14,Q0,table-1277-865,9.0,0.078,smarttable
14,Q0,table-1009-255,10.0,0.056,smarttable
14,Q0,table-1277-863,11.0,0.045,smarttable
14,Q0,table-0167-679,12.0,0.038,smarttable
14,Q0,table-1579-348,13.0,0.038,smarttable
14,Q0,table-0297-285,14.0,0.027,smarttable
14,Q0,table-1277-861,15.0,0.02,smarttable
15,Q0,table-0080-632,1.0,2.0,smarttable
15,Q0,table-0196-599,2.0,2.0,smarttable
15,Q0,table-0306-942,3.0,2.0,smarttable
15,Q0,table-0310-209,4.0,2.0,smarttable
15,Q0,table-0311-929,5.0,2.0,smarttable
15,Q0,table-0311-917,6.0,2.0,smarttable
15,Q0,table-0311-822,7.0,2.0,smarttable
15,Q0,table-0311-782,8.0,2.0,smarttable
15,Q0,table-0311-811,9.0,2.0,smarttable
15,Q0,table-0311-930,10.0,2.0,smarttable
15,Q0,table-0312-45,11.0,2.0,smarttable
15,Q0,table-0312-31,12.0,2.0,smarttable
15,Q0,table-0312-44,13.0,2.0,smarttable
15,Q0,table-0312-29,14.0,2.0,smarttable
15,Q0,table-0312-60,15.0,2.0,smarttable
16,Q0,table-0766-472,1.0,1.889,smarttable
16,Q0,table-1424-415,2.0,1.835,smarttable
16,Q0,table-0172-991,3.0,1.79475,smarttable
16,Q0,table-0336-744,4.0,1.784,smarttable
16,Q0,table-0704-620,5.0,1.768,smarttable
16,Q0,table-0431-12,6.0,1.7045,smarttable
16,Q0,table-1180-888,7.0,1.69,smarttable
16,Q0,table-0949-855,8.0,1.677,smarttable
16,Q0,table-0401-729,9.0,1.525,smarttable
16,Q0,table-0056-298,10.0,1.422,smarttable
16,Q0,table-0523-269,11.0,1.11,smarttable
16,Q0,table-0709-400,12.0,0.587,smarttable
16,Q0,table-0633-236,13.0,0.567,smarttable
16,Q0,table-1515-757,14.0,0.551,smarttable
16,Q0,table-1007-407,15.0,0.544,smarttable
17,Q0,table-1442-96,1.0,1.986,smarttable
17,Q0,table-1442-90,2.0,1.962,smarttable
17,Q0,table-1442-99,3.0,1.954,smarttable
17,Q0,table-1442-92,4.0,1.953,smarttable
17,Q0,table-1442-91,5.0,1.953,smarttable
17,Q0,table-1442-88,6.0,1.951,smarttable
17,Q0,table-1442-78,7.0,1.7383333333333335,smarttable
17,Q0,table-1442-89,8.0,1.639,smarttable
17,Q0,table-0677-684,9.0,1.4748333333333332,smarttable
17,Q0,table-1554-655,10.0,1.346,smarttable
17,Q0,table-1571-18,11.0,1.338,smarttable
17,Q0,table-0140-687,12.0,0.775,smarttable
17,Q0,table-0349-674,13.0,0.717,smarttable
17,Q0,table-1309-776,14.0,0.712,smarttable
17,Q0,table-0861-544,15.0,0.708,smarttable
18,Q0,table-0650-177,1.0,2.0,smarttable
18,Q0,table-0575-338,2.0,1.991,smarttable
18,Q0,table-0650-178,3.0,1.991,smarttable
18,Q0,table-0650-180,4.0,1.988,smarttable
18,Q0,table-1526-870,5.0,1.986,smarttable
18,Q0,table-1526-873,6.0,1.986,smarttable
18,Q0,table-0650-179,7.0,1.984,smarttable
18,Q0,table-0588-469,8.0,1.97575,smarttable
18,Q0,table-0899-963,9.0,1.97575,smarttable
18,Q0,table-0493-911,10.0,1.974,smarttable
18,Q0,table-0884-203,11.0,1.962,smarttable
18,Q0,table-0884-202,12.0,1.955,smarttable
18,Q0,table-0588-897,13.0,1.954,smarttable
18,Q0,table-1526-871,14.0,1.953,smarttable
18,Q0,table-0024-852,15.0,1.951,smarttable
19,Q0,table-0836-302,1.0,1.863,smarttable
19,Q0,table-0836-301,2.0,1.863,smarttable
19,Q0,table-0837-242,3.0,1.55,smarttable
19,Q0,table-1604-500,4.0,1.352,smarttable
19,Q0,table-0853-133,5.0,1.349,smarttable
19,Q0,table-0292-548,6.0,0.69,smarttable
19,Q0,table-0009-819,7.0,0.687,smarttable
19,Q0,table-1453-183,8.0,0.678,smarttable
19,Q0,table-0432-545,9.0,0.658,smarttable
19,Q0,table-0578-304,10.0,0.644,smarttable
19,Q0,table-0090-107,11.0,0.258,smarttable
19,Q0,table-1630-157,12.0,0.239,smarttable
19,Q0,table-1643-299,13.0,0.231,smarttable
19,Q0,table-1388-434,14.0,0.23,smarttable
19,Q0,table-1535-121,15.0,0.215,smarttable
20,Q0,table-1628-976,1.0,1.999,smarttable
20,Q0,table-1628-971,2.0,1.999,smarttable
20,Q0,table-1628-972,3.0,1.996,smarttable
20,Q0,table-1628-975,4.0,1.996,smarttable
20,Q0,table-1628-973,5.0,1.995,smarttable
20,Q0,table-1628-974,6.0,1.995,smarttable
20,Q0,table-1628-970,7.0,1.982,smarttable
20,Q0,table-1628-969,8.0,1.982,smarttable
20,Q0,table-1628-977,9.0,1.981,smarttable
20,Q0,table-1051-395,10.0,1.906,smarttable
20,Q0,table-1531-715,11.0,1.865,smarttable
20,Q0,table-1591-498,12.0,1.852,smarttable
20,Q0,table-0202-12,13.0,1.85,smarttable
20,Q0,table-1531-714,14.0,1.838,smarttable
20,Q0,table-1420-810,15.0,1.833,smarttable
21,Q0,table-0222-392,1.0,1.37775,smarttable
21,Q0,table-1207-486,2.0,0.822,smarttable
21,Q0,table-1350-462,3.0,0.623,smarttable
21,Q0,table-0057-386,4.0,0.338,smarttable
21,Q0,table-1227-229,5.0,0.09183333333333332,smarttable
21,Q0,table-1493-389,6.0,0.088,smarttable
21,Q0,table-0329-580,7.0,0.076,smarttable
21,Q0,table-0825-384,8.0,0.067,smarttable
21,Q0,table-0179-874,9.0,0.058,smarttable
21,Q0,table-0949-390,10.0,0.032,smarttable
21,Q0,table-1566-260,11.0,0.03,smarttable
21,Q0,table-0335-866,12.0,0.025,smarttable
21,Q0,table-0239-614,13.0,0.024,smarttable
21,Q0,table-0442-334,14.0,0.02,smarttable
21,Q0,table-1003-161,15.0,0.02,smarttable
22,Q0,table-1383-553,1.0,0.655,smarttable
22,Q0,table-0695-982,2.0,0.082,smarttable
22,Q0,table-0415-112,3.0,0.051,smarttable
22,Q0,table-0364-38,4.0,0.04694909090909091,smarttable
22,Q0,table-0364-40,5.0,0.041,smarttable
22,Q0,table-0863-42,6.0,0.041,smarttable
22,Q0,table-0055-450,7.0,0.04,smarttable
22,Q0,table-0406-400,8.0,0.035,smarttable
22,Q0,table-1067-275,9.0,0.029,smarttable
22,Q0,table-0570-258,10.0,0.026,smarttable
22,Q0,table-0936-730,11.0,0.026,smarttable
22,Q0,table-0596-141,12.0,0.022,smarttable
22,Q0,table-0078-654,13.0,0.021,smarttable
22,Q0,table-0366-777,14.0,0.021,smarttable
22,Q0,table-1283-61,15.0,0.021,smarttable
23,Q0,table-1554-331,1.0,1.845,smarttable
23,Q0,table-1554-330,2.0,1.746,smarttable
23,Q0,table-1070-327,3.0,1.731,smarttable
23,Q0,table-1007-467,4.0,1.728,smarttable
23,Q0,table-0830-358,5.0,1.606,smarttable
23,Q0,table-1070-326,6.0,1.236,smarttable
23,Q0,table-0103-625,7.0,1.005,smarttable
23,Q0,table-0270-496,8.0,1.005,smarttable
23,Q0,table-1579-470,9.0,1.005,smarttable
23,Q0,table-1587-825,10.0,0.983,smarttable
23,Q0,table-0339-698,11.0,0.979,smarttable
23,Q0,table-0209-363,12.0,0.973,smarttable
23,Q0,table-0333-158,13.0,0.971,smarttable
23,Q0,table-0240-583,14.0,0.97,smarttable
23,Q0,table-1420-880,15.0,0.97,smarttable
24,Q0,table-0202-593,1.0,1.291,smarttable
24,Q0,table-0581-69,2.0,0.72675,smarttable
24,Q0,table-0729-940,3.0,0.695,smarttable
24,Q0,table-0468-712,4.0,0.158,smarttable
24,Q0,table-1452-734,5.0,0.156,smarttable
24,Q0,table-1535-351,6.0,0.099,smarttable
24,Q0,table-1452-735,7.0,0.088,smarttable
24,Q0,table-0189-549,8.0,0.076,smarttable
24,Q0,table-1452-736,9.0,0.064,smarttable
24,Q0,table-0355-152,10.0,0.059,smarttable
24,Q0,table-0166-529,11.0,0.057,smarttable
24,Q0,table-0166-528,12.0,0.032,smarttable
24,Q0,table-1492-808,13.0,0.031,smarttable
24,Q0,table-1492-782,14.0,0.019,smarttable
24,Q0,table-1570-980,15.0,0.015884791352438414,smarttable
25,Q0,table-0569-908,1.0,2.0,smarttable
25,Q0,table-0569-905,2.0,2.0,smarttable
25,Q0,table-0569-909,3.0,2.0,smarttable
25,Q0,table-0569-903,4.0,2.0,smarttable
25,Q0,table-0569-906,5.0,2.0,smarttable
25,Q0,table-0569-904,6.0,2.0,smarttable
25,Q0,table-0569-907,7.0,2.0,smarttable
25,Q0,table-1469-451,8.0,2.0,smarttable
25,Q0,table-1469-456,9.0,2.0,smarttable
25,Q0,table-1469-454,10.0,2.0,smarttable
25,Q0,table-1469-452,11.0,2.0,smarttable
25,Q0,table-1469-455,12.0,2.0,smarttable
25,Q0,table-1469-457,13.0,2.0,smarttable
25,Q0,table-1469-453,14.0,2.0,smarttable
25,Q0,table-0569-902,15.0,1.999,smarttable
26,Q0,table-0387-47,1.0,1.367,smarttable
26,Q0,table-1479-337,2.0,0.929,smarttable
26,Q0,table-0713-460,3.0,0.899,smarttable
26,Q0,table-0218-222,4.0,0.835,smarttable
26,Q0,table-0952-496,5.0,0.821,smarttable
26,Q0,table-0511-959,6.0,0.809,smarttable
26,Q0,table-0529-770,7.0,0.805,smarttable
26,Q0,table-1378-44,8.0,0.693,smarttable
26,Q0,table-1148-406,9.0,0.6735,smarttable
26,Q0,table-0001-249,10.0,0.67,smarttable
26,Q0,table-1567-612,11.0,0.666,smarttable
26,Q0,table-0387-60,12.0,0.4118181818181818,smarttable
26,Q0,table-0529-771,13.0,0.266,smarttable
26,Q0,table-0375-831,14.0,0.173,smarttable
26,Q0,table-1108-641,15.0,0.171,smarttable
27,Q0,table-0610-22,1.0,1.481,smarttable
27,Q0,table-0610-21,2.0,1.449,smarttable
27,Q0,table-0296-506,3.0,1.397,smarttable
27,Q0,table-0007-925,4.0,1.354,smarttable
27,Q0,table-0012-462,5.0,0.673,smarttable
27,Q0,table-0007-924,6.0,0.641,smarttable
27,Q0,table-0208-817,7.0,0.413,smarttable
27,Q0,table-0763-642,8.0,0.23258333333333334,smarttable
27,Q0,table-1438-848,9.0,0.194,smarttable
27,Q0,table-1340-721,10.0,0.165,smarttable
27,Q0,table-1397-454,11.0,0.152,smarttable
27,Q0,table-0065-495,12.0,0.143,smarttable
27,Q0,table-0015-426,13.0,0.13,smarttable
27,Q0,table-1330-63,14.0,0.127,smarttable
27,Q0,table-1034-276,15.0,0.119,smarttable
28,Q0,table-1116-904,1.0,1.97275,smarttable
28,Q0,table-1116-768,2.0,1.97275,smarttable
28,Q0,table-1117-80,3.0,1.97275,smarttable
28,Q0,table-1117-4,4.0,1.91475,smarttable
28,Q0,table-1571-795,5.0,1.803,smarttable
28,Q0,table-0587-13,6.0,1.634,smarttable
28,Q0,table-1517-609,7.0,1.601,smarttable
28,Q0,table-1472-114,8.0,1.515,smarttable
28,Q0,table-1517-625,9.0,1.49,smarttable
28,Q0,table-0423-842,10.0,1.317,smarttable
28,Q0,table-1518-807,11.0,1.185,smarttable
28,Q0,table-0514-801,12.0,1.06,smarttable
28,Q0,table-0213-664,13.0,1.047,smarttable
28,Q0,table-0326-298,14.0,1.023,smarttable
28,Q0,table-1607-162,15.0,1.007,smarttable
29,Q0,table-0357-260,1.0,1.998,smarttable
29,Q0,table-0427-703,2.0,1.998,smarttable
29,Q0,table-0427-705,3.0,1.998,smarttable
29,Q0,table-0428-136,4.0,1.998,smarttable
29,Q0,table-0428-118,5.0,1.998,smarttable
29,Q0,table-0428-156,6.0,1.998,smarttable
29,Q0,table-0428-148,7.0,1.998,smarttable
29,Q0,table-0356-842,8.0,1.996,smarttable
29,Q0,table-0356-174,9.0,1.996,smarttable
29,Q0,table-0357-364,10.0,1.996,smarttable
29,Q0,table-0358-30,11.0,1.996,smarttable
29,Q0,table-0355-804,12.0,1.995,smarttable
29,Q0,table-0355-972,13.0,1.994,smarttable
29,Q0,table-0355-422,14.0,1.993,smarttable
29,Q0,table-0357-162,15.0,1.988,smarttable
30,Q0,table-1253-974,1.0,0.9905833333333334,smarttable
30,Q0,table-1253-984,2.0,0.9905833333333334,smarttable
30,Q0,table-1253-973,3.0,0.9726666666666666,smarttable
30,Q0,table-0092-887,4.0,0.9449999999999998,smarttable
30,Q0,table-1253-987,5.0,0.9361666666666666,smarttable
30,Q0,table-1253-972,6.0,0.8973333333333333,smarttable
30,Q0,table-1444-126,7.0,0.885,smarttable
30,Q0,table-1253-982,8.0,0.8458499999999999,smarttable
30,Q0,table-0520-188,9.0,0.64,smarttable
30,Q0,table-0732-148,10.0,0.636,smarttable
30,Q0,table-1253-975,11.0,0.5563952380952383,smarttable
30,Q0,table-1253-977,12.0,0.5563952380952383,smarttable
30,Q0,table-1012-982,13.0,0.2543333333333333,smarttable
30,Q0,table-0971-924,14.0,0.183,smarttable
30,Q0,table-1502-628,15.0,0.182,smarttable
31,Q0,table-0419-513,1.0,1.981,smarttable
31,Q0,table-1550-196,2.0,1.9583367743367739,smarttable
31,Q0,table-0419-518,3.0,1.949,smarttable
31,Q0,table-1550-209,4.0,1.943597163947164,smarttable
31,Q0,table-0151-840,5.0,1.9366666666666665,smarttable
31,Q0,table-1550-999,6.0,1.92,smarttable
31,Q0,table-1551-19,7.0,1.907,smarttable
31,Q0,table-1550-201,8.0,1.8953445970695977,smarttable
31,Q0,table-0273-904,9.0,1.892,smarttable
31,Q0,table-0151-848,10.0,1.8786666666666665,smarttable
31,Q0,table-0221-714,11.0,1.8707075993450994,smarttable
31,Q0,table-1590-536,12.0,1.863,smarttable
31,Q0,table-0309-232,13.0,1.8375011904761904,smarttable
31,Q0,table-1032-853,14.0,1.817,smarttable
31,Q0,table-1550-993,15.0,1.8144079892329896,smarttable
32,Q0,table-1577-566,1.0,1.37735,smarttable
32,Q0,table-0037-29,2.0,0.47167857142857156,smarttable
32,Q0,table-1460-55,3.0,0.47167857142857156,smarttable
32,Q0,table-0356-493,4.0,0.14407857142857142,smarttable
32,Q0,table-1636-103,5.0,0.11878333333333332,smarttable
32,Q0,table-1558-845,6.0,0.08921666666666667,smarttable
32,Q0,table-1547-182,7.0,0.0676,smarttable
32,Q0,table-0625-421,8.0,0.062,smarttable
32,Q0,table-0413-661,9.0,0.05596666666666667,smarttable
32,Q0,table-0688-862,10.0,0.05213333333333333,smarttable
32,Q0,table-0420-88,11.0,0.04825,smarttable
32,Q0,table-1090-435,12.0,0.047,smarttable
32,Q0,table-1598-564,13.0,0.039799999999999995,smarttable
32,Q0,table-1421-186,14.0,0.03511904761904762,smarttable
32,Q0,table-0972-522,15.0,0.034,smarttable
33,Q0,table-0152-679,1.0,1.0,smarttable
33,Q0,table-0259-373,2.0,1.0,smarttable
33,Q0,table-0293-211,3.0,1.0,smarttable
33,Q0,table-0977-706,4.0,0.989,smarttable
33,Q0,table-1468-369,5.0,0.9865666666666667,smarttable
33,Q0,table-0287-385,6.0,0.976,smarttable
33,Q0,table-1201-576,7.0,0.9613333333333333,smarttable
33,Q0,table-0153-339,8.0,0.959,smarttable
33,Q0,table-0264-10,9.0,0.9559095238095235,smarttable
33,Q0,table-0264-11,10.0,0.9559095238095235,smarttable
33,Q0,table-1099-748,11.0,0.949,smarttable
33,Q0,table-0401-152,12.0,0.9402000000000001,smarttable
33,Q0,table-0800-191,13.0,0.929,smarttable
33,Q0,table-0787-879,14.0,0.928,smarttable
33,Q0,table-0226-271,15.0,0.9153333333333333,smarttable
34,Q0,table-0218-202,1.0,1.6555,smarttable
34,Q0,table-0171-322,2.0,1.002,smarttable
34,Q0,table-0260-605,3.0,1.0,smarttable
34,Q0,table-0348-856,4.0,1.0,smarttable
34,Q0,table-1087-848,5.0,1.0,smarttable
34,Q0,table-1087-860,6.0,1.0,smarttable
34,Q0,table-1087-870,7.0,1.0,smarttable
34,Q0,table-1087-857,8.0,1.0,smarttable
34,Q0,table-1087-909,9.0,1.0,smarttable
34,Q0,table-1087-873,10.0,1.0,smarttable
34,Q0,table-1087-864,11.0,1.0,smarttable
34,Q0,table-1087-867,12.0,1.0,smarttable
34,Q0,table-1087-878,13.0,1.0,smarttable
34,Q0,table-1087-922,14.0,1.0,smarttable
34,Q0,table-1087-917,15.0,1.0,smarttable
35,Q0,table-0981-339,1.0,1.496,smarttable
35,Q0,table-1489-449,2.0,0.894,smarttable
35,Q0,table-1080-585,3.0,0.756,smarttable
35,Q0,table-0243-845,4.0,0.028,smarttable
35,Q0,table-0588-746,5.0,0.026,smarttable
35,Q0,table-1402-905,6.0,0.026,smarttable
35,Q0,table-0709-584,7.0,0.021,smarttable
35,Q0,table-0735-912,8.0,0.02,smarttable
35,Q0,table-0598-146,9.0,0.017,smarttable
35,Q0,table-0452-590,10.0,0.015,smarttable
35,Q0,table-0865-947,11.0,0.015,smarttable
35,Q0,table-0456-852,12.0,0.014,smarttable
35,Q0,table-0245-556,13.0,0.013,smarttable
35,Q0,table-0022-834,14.0,0.011,smarttable
35,Q0,table-0242-335,15.0,0.01,smarttable
36,Q0,table-1353-195,1.0,0.689,smarttable
36,Q0,table-0194-548,2.0,0.678,smarttable
36,Q0,table-0194-547,3.0,0.229,smarttable
36,Q0,table-0194-549,4.0,0.197,smarttable
36,Q0,table-0709-584,5.0,0.094,smarttable
36,Q0,table-0709-586,6.0,0.08,smarttable
36,Q0,table-1334-944,7.0,0.046,smarttable
36,Q0,table-1011-148,8.0,0.034,smarttable
36,Q0,table-0242-335,9.0,0.033,smarttable
36,Q0,table-0981-699,10.0,0.033,smarttable
36,Q0,table-0456-852,11.0,0.02,smarttable
36,Q0,table-1402-905,12.0,0.019,smarttable
36,Q0,table-0735-908,13.0,0.017,smarttable
36,Q0,table-0385-765,14.0,0.016,smarttable
36,Q0,table-0385-766,15.0,0.016,smarttable
37,Q0,table-1563-283,1.0,1.5921666666666665,smarttable
37,Q0,table-0889-1,2.0,1.5187833333333338,smarttable
37,Q0,table-0687-978,3.0,1.437,smarttable
37,Q0,table-0123-682,4.0,1.4274500000000003,smarttable
37,Q0,table-1573-730,5.0,1.407,smarttable
37,Q0,table-1627-93,6.0,1.331,smarttable
37,Q0,table-1616-533,7.0,1.246,smarttable
37,Q0,table-1375-531,8.0,0.9942166666666666,smarttable
37,Q0,table-0999-323,9.0,0.985,smarttable
37,Q0,table-0999-325,10.0,0.985,smarttable
37,Q0,table-1000-412,11.0,0.985,smarttable
37,Q0,table-1037-848,12.0,0.985,smarttable
37,Q0,table-0935-684,13.0,0.9187039682539678,smarttable
37,Q0,table-1108-894,14.0,0.9187039682539678,smarttable
37,Q0,table-0290-4,15.0,0.8392000000000001,smarttable
38,Q0,table-0520-707,1.0,1.762,smarttable
38,Q0,table-1017-538,2.0,1.742,smarttable
38,Q0,table-1451-328,3.0,1.546,smarttable
38,Q0,table-0001-400,4.0,1.253,smarttable
38,Q0,table-0116-212,5.0,0.94,smarttable
38,Q0,table-0507-56,6.0,0.7336,smarttable
38,Q0,table-0403-805,7.0,0.48,smarttable
38,Q0,table-0386-284,8.0,0.198,smarttable
38,Q0,table-1386-110,9.0,0.113,smarttable
38,Q0,table-0014-364,10.0,0.102,smarttable
38,Q0,table-0916-136,11.0,0.099,smarttable
38,Q0,table-1205-318,12.0,0.076,smarttable
38,Q0,table-1017-458,13.0,0.072,smarttable
38,Q0,table-1232-9,14.0,0.067,smarttable
38,Q0,table-1640-953,15.0,0.064,smarttable
39,Q0,table-1524-733,1.0,0.791,smarttable
39,Q0,table-0809-4,2.0,0.21,smarttable
39,Q0,table-0435-533,3.0,0.116,smarttable
39,Q0,table-0133-525,4.0,0.045,smarttable
39,Q0,table-0312-737,5.0,0.038,smarttable
39,Q0,table-0752-77,6.0,0.033,smarttable
39,Q0,table-0752-76,7.0,0.023,smarttable
39,Q0,table-0285-770,8.0,0.016,smarttable
39,Q0,table-0919-677,9.0,0.01,smarttable
39,Q0,table-0545-847,10.0,0.009,smarttable
39,Q0,table-0806-58,11.0,0.009,smarttable
39,Q0,table-0806-57,12.0,0.008,smarttable
39,Q0,table-1388-407,13.0,0.007043478260869565,smarttable
39,Q0,table-0806-54,14.0,0.007,smarttable
39,Q0,table-0217-467,15.0,0.006,smarttable
40,Q0,table-1045-652,1.0,1.548,smarttable
40,Q0,table-1269-149,2.0,1.471,smarttable
40,Q0,table-0484-507,3.0,1.431,smarttable
40,Q0,table-0880-38,4.0,1.3216666666666668,smarttable
40,Q0,table-1031-634,5.0,0.975,smarttable
40,Q0,table-0350-639,6.0,0.885,smarttable
40,Q0,table-0268-63,7.0,0.871,smarttable
40,Q0,table-1455-165,8.0,0.84,smarttable
40,Q0,table-0273-259,9.0,0.815,smarttable
40,Q0,table-0899-319,10.0,0.814,smarttable
40,Q0,table-0100-968,11.0,0.8020854545454544,smarttable
40,Q0,table-1455-161,12.0,0.796,smarttable
40,Q0,table-1486-330,13.0,0.668,smarttable
40,Q0,table-0222-36,14.0,0.347,smarttable
40,Q0,table-0268-65,15.0,0.336,smarttable
41,Q0,table-0875-227,1.0,1.8820666666666668,smarttable
41,Q0,table-1090-242,2.0,1.871,smarttable
41,Q0,table-1090-239,3.0,1.871,smarttable
41,Q0,table-0875-237,4.0,1.8637333333333332,smarttable
41,Q0,table-0875-234,5.0,1.782066666666667,smarttable
41,Q0,table-0875-223,6.0,1.7384000000000002,smarttable
41,Q0,table-0875-233,7.0,1.652,smarttable
41,Q0,table-0875-230,8.0,1.6411,smarttable
41,Q0,table-0750-129,9.0,1.6126666666666665,smarttable
41,Q0,table-0875-228,10.0,1.6000666666666667,smarttable
41,Q0,table-1090-238,11.0,1.2055285714285715,smarttable
41,Q0,table-0750-128,12.0,1.142,smarttable
41,Q0,table-0750-139,13.0,1.081,smarttable
41,Q0,table-1444-630,14.0,1.0727166666666668,smarttable
41,Q0,table-0875-224,15.0,1.0725,smarttable
42,Q0,table-1396-734,1.0,1.439,smarttable
42,Q0,table-1396-736,2.0,1.319,smarttable
42,Q0,table-0349-811,3.0,0.873,smarttable
42,Q0,table-0552-599,4.0,0.8548333333333332,smarttable
42,Q0,table-0342-607,5.0,0.8032857142857143,smarttable
42,Q0,table-0498-296,6.0,0.797,smarttable
42,Q0,table-1396-738,7.0,0.79,smarttable
42,Q0,table-0642-956,8.0,0.6872857142857142,smarttable
42,Q0,table-0462-401,9.0,0.632,smarttable
42,Q0,table-1493-257,10.0,0.631,smarttable
42,Q0,table-1396-735,11.0,0.526,smarttable
42,Q0,table-0498-295,12.0,0.401,smarttable
42,Q0,table-1396-737,13.0,0.382,smarttable
42,Q0,table-0302-912,14.0,0.304,smarttable
42,Q0,table-1397-842,15.0,0.273,smarttable
43,Q0,table-1611-452,1.0,0.081,smarttable
43,Q0,table-1165-698,2.0,0.0695,smarttable
43,Q0,table-1609-797,3.0,0.04115207183164806,smarttable
43,Q0,table-1610-22,4.0,0.04115207183164806,smarttable
43,Q0,table-1610-23,5.0,0.04115207183164806,smarttable
43,Q0,table-1611-457,6.0,0.04115207183164806,smarttable
43,Q0,table-1611-551,7.0,0.04115207183164806,smarttable
43,Q0,table-1611-956,8.0,0.04115207183164806,smarttable
43,Q0,table-1611-907,9.0,0.04115207183164806,smarttable
43,Q0,table-1611-980,10.0,0.04115207183164806,smarttable
43,Q0,table-1611-569,11.0,0.04115207183164806,smarttable
43,Q0,table-1612-261,12.0,0.04115207183164806,smarttable
43,Q0,table-1612-245,13.0,0.04115207183164806,smarttable
43,Q0,table-1612-18,14.0,0.04115207183164806,smarttable
43,Q0,table-1612-14,15.0,0.04115207183164806,smarttable
44,Q0,table-0698-538,1.0,1.454,smarttable
44,Q0,table-0698-362,2.0,0.877,smarttable
44,Q0,table-0698-536,3.0,0.872,smarttable
44,Q0,table-0863-916,4.0,0.792,smarttable
44,Q0,table-0412-643,5.0,0.7605833333333333,smarttable
44,Q0,table-0294-28,6.0,0.652,smarttable
44,Q0,table-0726-562,7.0,0.635,smarttable
44,Q0,table-0698-537,8.0,0.395,smarttable
44,Q0,table-1528-923,9.0,0.158,smarttable
44,Q0,table-1008-629,10.0,0.155,smarttable
44,Q0,table-0949-67,11.0,0.116,smarttable
44,Q0,table-0833-314,12.0,0.106,smarttable
44,Q0,table-1373-889,13.0,0.0756,smarttable
44,Q0,table-0472-530,14.0,0.0693,smarttable
44,Q0,table-0208-734,15.0,0.056,smarttable
45,Q0,table-0376-810,1.0,0.918,smarttable
45,Q0,table-1161-330,2.0,0.917,smarttable
45,Q0,table-1335-335,3.0,0.917,smarttable
45,Q0,table-1087-866,4.0,0.914,smarttable
45,Q0,table-0394-190,5.0,0.852,smarttable
45,Q0,table-1075-885,6.0,0.814,smarttable
45,Q0,table-1076-602,7.0,0.79,smarttable
45,Q0,table-0497-395,8.0,0.772,smarttable
45,Q0,table-1146-975,9.0,0.762,smarttable
45,Q0,table-0798-552,10.0,0.717,smarttable
45,Q0,table-0241-136,11.0,0.715,smarttable
45,Q0,table-0622-407,12.0,0.319,smarttable
45,Q0,table-1329-502,13.0,0.257,smarttable
45,Q0,table-0998-663,14.0,0.168,smarttable
45,Q0,table-0774-562,15.0,0.086,smarttable
46,Q0,table-1602-828,1.0,1.418,smarttable
46,Q0,table-1390-891,2.0,1.407,smarttable
46,Q0,table-0183-58,3.0,1.283,smarttable
46,Q0,table-1495-661,4.0,0.934,smarttable
46,Q0,table-1495-660,5.0,0.912,smarttable
46,Q0,table-1280-419,6.0,0.885,smarttable
46,Q0,table-1442-90,7.0,0.747,smarttable
46,Q0,table-1442-89,8.0,0.701,smarttable
46,Q0,table-0350-546,9.0,0.697,smarttable
46,Q0,table-1448-821,10.0,0.368,smarttable
46,Q0,table-1602-829,11.0,0.355,smarttable
46,Q0,table-1536-230,12.0,0.324,smarttable
46,Q0,table-1392-245,13.0,0.287,smarttable
46,Q0,table-0077-438,14.0,0.204,smarttable
46,Q0,table-1448-829,15.0,0.175,smarttable
47,Q0,table-0881-85,1.0,1.988,smarttable
47,Q0,table-0960-154,2.0,1.988,smarttable
47,Q0,table-1465-885,3.0,1.955,smarttable
47,Q0,table-0813-439,4.0,1.895,smarttable
47,Q0,table-1197-684,5.0,1.856,smarttable
47,Q0,table-1585-589,6.0,1.826,smarttable
47,Q0,table-1585-588,7.0,1.769,smarttable
47,Q0,table-0498-294,8.0,1.699,smarttable
47,Q0,table-0728-796,9.0,1.684,smarttable
47,Q0,table-0373-702,10.0,1.679,smarttable
47,Q0,table-0498-295,11.0,1.666,smarttable
47,Q0,table-0853-850,12.0,1.64,smarttable
47,Q0,table-0610-865,13.0,1.626,smarttable
47,Q0,table-1424-449,14.0,1.5913333333333335,smarttable
47,Q0,table-0224-786,15.0,1.588,smarttable
48,Q0,table-0208-139,1.0,1.8564833333333333,smarttable
48,Q0,table-0208-138,2.0,1.8564833333333333,smarttable
48,Q0,table-0055-698,3.0,1.781216666666667,smarttable
48,Q0,table-1571-62,4.0,1.7574166666666664,smarttable
48,Q0,table-1628-799,5.0,1.6,smarttable
48,Q0,table-0371-97,6.0,1.3371833333333336,smarttable
48,Q0,table-1461-956,7.0,1.3371833333333336,smarttable
48,Q0,table-0456-40,8.0,0.7195,smarttable
48,Q0,table-1135-687,9.0,0.3175,smarttable
48,Q0,table-1026-599,10.0,0.246,smarttable
48,Q0,table-1055-978,11.0,0.185,smarttable
48,Q0,table-0855-314,12.0,0.174,smarttable
48,Q0,table-0625-86,13.0,0.16558333333333333,smarttable
48,Q0,table-1635-745,14.0,0.15,smarttable
48,Q0,table-0459-647,15.0,0.123,smarttable
49,Q0,table-1216-279,1.0,0.649,smarttable
49,Q0,table-0346-490,2.0,0.626,smarttable
49,Q0,table-1633-945,3.0,0.214,smarttable
49,Q0,table-1533-500,4.0,0.12,smarttable
49,Q0,table-0277-273,5.0,0.116,smarttable
49,Q0,table-0255-225,6.0,0.103,smarttable
49,Q0,table-0002-320,7.0,0.093,smarttable
49,Q0,table-1640-352,8.0,0.088,smarttable
49,Q0,table-1567-896,9.0,0.082,smarttable
49,Q0,table-1502-45,10.0,0.076,smarttable
49,Q0,table-1017-379,11.0,0.049,smarttable
49,Q0,table-0116-205,12.0,0.041,smarttable
49,Q0,table-0325-192,13.0,0.04,smarttable
49,Q0,table-0302-912,14.0,0.039,smarttable
49,Q0,table-1522-309,15.0,0.032,smarttable
50,Q0,table-0227-700,1.0,1.63,smarttable
50,Q0,table-1405-724,2.0,1.566,smarttable
50,Q0,table-0666-479,3.0,1.334,smarttable
50,Q0,table-0197-91,4.0,0.7975,smarttable
50,Q0,table-1541-685,5.0,0.6890095238095236,smarttable
50,Q0,table-0668-241,6.0,0.33191309523809526,smarttable
50,Q0,table-1005-954,7.0,0.33191309523809526,smarttable
50,Q0,table-1005-137,8.0,0.33191309523809526,smarttable
50,Q0,table-0377-330,9.0,0.232,smarttable
50,Q0,table-0814-491,10.0,0.146,smarttable
50,Q0,table-0010-396,11.0,0.11804761904761905,smarttable
50,Q0,table-0434-898,12.0,0.105,smarttable
50,Q0,table-0044-810,13.0,0.072,smarttable
50,Q0,table-0575-909,14.0,0.063,smarttable
50,Q0,table-1448-876,15.0,0.062,smarttable
51,Q0,table-1573-730,1.0,1.313,smarttable
51,Q0,table-0902-752,2.0,0.112,smarttable
51,Q0,table-0091-144,3.0,0.1,smarttable
51,Q0,table-0247-967,4.0,0.096,smarttable
51,Q0,table-1029-112,5.0,0.07,smarttable
51,Q0,table-0420-541,6.0,0.056,smarttable
51,Q0,table-0290-4,7.0,0.051,smarttable
51,Q0,table-0900-829,8.0,0.044,smarttable
51,Q0,table-1542-799,9.0,0.033,smarttable
51,Q0,table-1640-1,10.0,0.03,smarttable
51,Q0,table-1441-100,11.0,0.027,smarttable
51,Q0,table-0285-188,12.0,0.017,smarttable
51,Q0,table-0375-762,13.0,0.011,smarttable
51,Q0,table-1438-848,14.0,0.011,smarttable
51,Q0,table-1392-546,15.0,0.007,smarttable
52,Q0,table-0131-736,1.0,0.05,smarttable
52,Q0,table-1336-806,2.0,0.04,smarttable
52,Q0,table-1347-123,3.0,0.026,smarttable
52,Q0,table-0350-520,4.0,0.02,smarttable
52,Q0,table-1086-439,5.0,0.019,smarttable
52,Q0,table-1417-465,6.0,0.013,smarttable
52,Q0,table-0368-850,7.0,0.011,smarttable
52,Q0,table-0637-302,8.0,0.011,smarttable
52,Q0,table-1331-268,9.0,0.011,smarttable
52,Q0,table-0180-579,10.0,0.008,smarttable
52,Q0,table-0301-348,11.0,0.008,smarttable
52,Q0,table-0155-563,12.0,0.006,smarttable
52,Q0,table-0989-346,13.0,0.006,smarttable
52,Q0,table-1053-92,14.0,0.006,smarttable
52,Q0,table-1497-578,15.0,0.005,smarttable
53,Q0,table-1414-649,1.0,0.072,smarttable
53,Q0,table-0047-972,2.0,0.034,smarttable
53,Q0,table-0898-32,3.0,0.034,smarttable
53,Q0,table-0064-245,4.0,0.03,smarttable
53,Q0,table-0124-852,5.0,0.024,smarttable
53,Q0,table-0587-650,6.0,0.022,smarttable
53,Q0,table-0884-669,7.0,0.019,smarttable
53,Q0,table-0587-651,8.0,0.014,smarttable
53,Q0,table-0387-180,9.0,0.008,smarttable
53,Q0,table-0485-844,10.0,0.007,smarttable
53,Q0,table-0898-31,11.0,0.007,smarttable
53,Q0,table-0008-735,12.0,0.006,smarttable
53,Q0,table-0804-919,13.0,0.004,smarttable
53,Q0,table-1642-73,14.0,0.004,smarttable
53,Q0,table-1349-522,15.0,0.0032666666666666664,smarttable
54,Q0,table-0090-631,1.0,0.689,smarttable
54,Q0,table-1208-518,2.0,0.65,smarttable
54,Q0,table-0639-660,3.0,0.628,smarttable
54,Q0,table-1035-850,4.0,0.4262309523809523,smarttable
54,Q0,table-1424-670,5.0,0.4262309523809523,smarttable
54,Q0,table-0539-829,6.0,0.1881285714285714,smarttable
54,Q0,table-1625-997,7.0,0.104,smarttable
54,Q0,table-1580-211,8.0,0.085,smarttable
54,Q0,table-1580-221,9.0,0.077,smarttable
54,Q0,table-0132-894,10.0,0.07191666666666666,smarttable
54,Q0,table-1208-515,11.0,0.07,smarttable
54,Q0,table-0572-545,12.0,0.066,smarttable
54,Q0,table-0269-965,13.0,0.05908095238095238,smarttable
54,Q0,table-0808-501,14.0,0.05389999999999999,smarttable
54,Q0,table-1580-212,15.0,0.04671666666666666,smarttable
55,Q0,table-0905-211,1.0,1.69045,smarttable
55,Q0,table-0905-212,2.0,1.629,smarttable
55,Q0,table-0259-714,3.0,1.514,smarttable
55,Q0,table-0634-466,4.0,1.0130166666666667,smarttable
55,Q0,table-1356-971,5.0,1.001,smarttable
55,Q0,table-0378-500,6.0,0.968,smarttable
55,Q0,table-0253-421,7.0,0.9303333333333333,smarttable
55,Q0,table-0107-797,8.0,0.894,smarttable
55,Q0,table-1370-151,9.0,0.879,smarttable
55,Q0,table-1015-954,10.0,0.8437833333333336,smarttable
55,Q0,table-1370-150,11.0,0.8108,smarttable
55,Q0,table-0798-652,12.0,0.787,smarttable
55,Q0,table-1605-266,13.0,0.6806666666666666,smarttable
55,Q0,table-0808-950,14.0,0.4360190476190474,smarttable
55,Q0,table-1565-115,15.0,0.4360190476190474,smarttable
56,Q0,table-0514-321,1.0,1.894,smarttable
56,Q0,table-0546-965,2.0,1.893,smarttable
56,Q0,table-0514-315,3.0,1.8195,smarttable
56,Q0,table-0548-553,4.0,1.809,smarttable
56,Q0,table-0548-554,5.0,1.641,smarttable
56,Q0,table-0546-964,6.0,1.543,smarttable
56,Q0,table-0514-566,7.0,1.514,smarttable
56,Q0,table-0805-12,8.0,1.421,smarttable
56,Q0,table-0546-963,9.0,1.33875,smarttable
56,Q0,table-1448-80,10.0,1.307,smarttable
56,Q0,table-1479-565,11.0,1.069,smarttable
56,Q0,table-1436-698,12.0,0.306,smarttable
56,Q0,table-0528-368,13.0,0.293,smarttable
56,Q0,table-0325-345,14.0,0.287,smarttable
56,Q0,table-0049-13,15.0,0.285,smarttable
57,Q0,table-1098-540,1.0,0.66,smarttable
57,Q0,table-1603-678,2.0,0.624,smarttable
57,Q0,table-1603-684,3.0,0.137,smarttable
57,Q0,table-0760-684,4.0,0.113,smarttable
57,Q0,table-1473-105,5.0,0.073,smarttable
57,Q0,table-0838-403,6.0,0.051,smarttable
57,Q0,table-1611-666,7.0,0.051,smarttable
57,Q0,table-1179-84,8.0,0.045,smarttable
57,Q0,table-0884-248,9.0,0.04,smarttable
57,Q0,table-1473-104,10.0,0.04,smarttable
57,Q0,table-0443-553,11.0,0.038,smarttable
57,Q0,table-0371-571,12.0,0.035,smarttable
57,Q0,table-0221-888,13.0,0.033333333333333326,smarttable
57,Q0,table-1473-106,14.0,0.032,smarttable
57,Q0,table-1551-849,15.0,0.03,smarttable
58,Q0,table-0721-949,1.0,0.892,smarttable
58,Q0,table-0721-948,2.0,0.871,smarttable
58,Q0,table-1311-373,3.0,0.842,smarttable
58,Q0,table-1154-432,4.0,0.7525,smarttable
58,Q0,table-0651-51,5.0,0.676,smarttable
58,Q0,table-0817-634,6.0,0.658,smarttable
58,Q0,table-1356-303,7.0,0.65,smarttable
58,Q0,table-0462-618,8.0,0.158,smarttable
58,Q0,table-1645-349,9.0,0.131,smarttable
58,Q0,table-0547-658,10.0,0.112,smarttable
58,Q0,table-1091-792,11.0,0.106,smarttable
58,Q0,table-0596-476,12.0,0.097,smarttable
58,Q0,table-0596-478,13.0,0.087,smarttable
58,Q0,table-1020-413,14.0,0.077,smarttable
58,Q0,table-0627-582,15.0,0.06166666666666666,smarttable
59,Q0,table-1219-20,1.0,1.4266666666666665,smarttable
59,Q0,table-1542-144,2.0,0.919,smarttable
59,Q0,table-1490-102,3.0,0.917,smarttable
59,Q0,table-1421-433,4.0,0.881,smarttable
59,Q0,table-1421-438,5.0,0.881,smarttable
59,Q0,table-1542-143,6.0,0.875,smarttable
59,Q0,table-1264-76,7.0,0.8388658008658009,smarttable
59,Q0,table-1437-680,8.0,0.7743333333333332,smarttable
59,Q0,table-1627-819,9.0,0.755,smarttable
59,Q0,table-1054-794,10.0,0.711,smarttable
59,Q0,table-1621-797,11.0,0.648,smarttable
59,Q0,table-0228-438,12.0,0.6362000000000001,smarttable
59,Q0,table-1113-680,13.0,0.606,smarttable
59,Q0,table-0474-103,14.0,0.296,smarttable
59,Q0,table-0073-146,15.0,0.226,smarttable
60,Q0,table-0872-44,1.0,1.6163333333333334,smarttable
60,Q0,table-0030-123,2.0,1.613,smarttable
60,Q0,table-0609-879,3.0,1.5881666666666667,smarttable
60,Q0,table-0604-281,4.0,1.5292722222222221,smarttable
60,Q0,table-0497-384,5.0,1.4203333333333334,smarttable
60,Q0,table-0379-27,6.0,1.4176571428571423,smarttable
60,Q0,table-1464-4,7.0,1.4176571428571423,smarttable
60,Q0,table-0221-887,8.0,1.384,smarttable
60,Q0,table-0831-590,9.0,1.064,smarttable
60,Q0,table-1279-578,10.0,0.9974460317460319,smarttable
60,Q0,table-1577-496,11.0,0.9974460317460319,smarttable
60,Q0,table-1353-328,12.0,0.9013833333333334,smarttable
60,Q0,table-0119-465,13.0,0.8431666666666667,smarttable
60,Q0,table-0902-57,14.0,0.802,smarttable
60,Q0,table-1376-550,15.0,0.7486666666666666,smarttable
