1,Q0,table-0370-614,1,1.609,smarttable
1,Q0,table-0125-805,2,1.431,smarttable
1,Q0,table-0389-400,3,1.43,smarttable
1,Q0,table-0255-236,4,0.881,smarttable
1,Q0,table-0037-411,5,0.855,smarttable
1,Q0,table-1042-895,6,0.786,smarttable
1,Q0,table-0914-101,7,0.772,smarttable
1,Q0,table-0904-852,8,0.769,smarttable
1,Q0,table-0552-510,9,0.67,smarttable
1,Q0,table-1020-619,10,0.299,smarttable
1,Q0,table-0552-511,11,0.223,smarttable
1,Q0,table-0914-103,12,0.211,smarttable
1,Q0,table-0875-680,13,0.204,smarttable
1,Q0,table-1423-774,14,0.193,smarttable
1,Q0,table-0554-923,15,0.172,smarttable
2,Q0,table-1408-869,1,1.871,smarttable
2,Q0,table-1408-871,2,1.821,smarttable
2,Q0,table-1408-870,3,1.781,smarttable
2,Q0,table-1578-197,4,1.543,smarttable
2,Q0,table-1408-874,5,1.201,smarttable
2,Q0,table-1552-729,6,0.983,smarttable
2,Q0,table-0396-314,7,0.981,smarttable
2,Q0,table-0396-317,8,0.979,smarttable
2,Q0,table-0395-845,9,0.965,smarttable
2,Q0,table-0396-315,10,0.963,smarttable
2,Q0,table-0396-316,11,0.936,smarttable
2,Q0,table-0346-771,12,0.916,smarttable
2,Q0,table-0517-237,13,0.899,smarttable
2,Q0,table-0391-82,14,0.886,smarttable
2,Q0,table-1600-861,15,0.877,smarttable
3,Q0,table-1254-979,1,1.633,smarttable
3,Q0,table-1275-187,2,1.561,smarttable
3,Q0,table-0005-924,3,1.009,smarttable
3,Q0,table-0005-922,4,1.008,smarttable
3,Q0,table-0005-926,5,1.003,smarttable
3,Q0,table-0005-925,6,1.001,smarttable
3,Q0,table-0005-923,7,0.992,smarttable
3,Q0,table-0005-921,8,0.987,smarttable
3,Q0,table-0005-927,9,0.943,smarttable
3,Q0,table-0009-475,10,0.921,smarttable
3,Q0,table-0483-357,11,0.819,smarttable
3,Q0,table-0990-862,12,0.788,smarttable
3,Q0,table-0258-207,13,0.72,smarttable
3,Q0,table-0100-835,14,0.316,smarttable
3,Q0,table-1435-370,15,0.3,smarttable
4,Q0,table-1417-136,1,1.999,smarttable
4,Q0,table-1417-143,2,1.997,smarttable
4,Q0,table-1417-135,3,1.994,smarttable
4,Q0,table-1417-142,4,1.993,smarttable
4,Q0,table-1417-144,5,1.992,smarttable
4,Q0,table-1417-137,6,1.983,smarttable
4,Q0,table-1417-146,7,1.982,smarttable
4,Q0,table-1417-149,8.5,1.978,smarttable
4,Q0,table-1511-82,8.5,1.978,smarttable
4,Q0,table-1417-134,10,1.974,smarttable
4,Q0,table-1417-145,11,1.973,smarttable
4,Q0,table-1417-138,12,1.969,smarttable
4,Q0,table-1417-140,13,1.962,smarttable
4,Q0,table-1511-84,14,1.958,smarttable
4,Q0,table-1511-79,15,1.957,smarttable
5,Q0,table-0452-375,1,1.794,smarttable
5,Q0,table-1530-281,2,1.672,smarttable
5,Q0,table-1264-72,3,1.153,smarttable
5,Q0,table-0600-601,4,1.091,smarttable
5,Q0,table-0600-600,5,1.062,smarttable
5,Q0,table-0600-605,6,1.038,smarttable
5,Q0,table-0600-606,7.5,1.033,smarttable
5,Q0,table-0600-604,7.5,1.033,smarttable
5,Q0,table-1444-333,9,0.843,smarttable
5,Q0,table-1599-557,10,0.822,smarttable
5,Q0,table-1088-407,11,0.757,smarttable
5,Q0,table-1258-614,12,0.182,smarttable
5,Q0,table-1513-956,13,0.165555556,smarttable
5,Q0,table-0248-862,14,0.160555556,smarttable
5,Q0,table-1088-409,15,0.147,smarttable
6,Q0,table-1495-660,1,0.943333333,smarttable
6,Q0,table-1370-780,2,0.937333333,smarttable
6,Q0,table-1280-419,3,0.926333333,smarttable
6,Q0,table-0402-824,4,0.911333333,smarttable
6,Q0,table-0349-707,5,0.897333333,smarttable
6,Q0,table-1421-346,6,0.865,smarttable
6,Q0,table-0364-358,7.5,0.86,smarttable
6,Q0,table-1488-888,7.5,0.86,smarttable
6,Q0,table-0386-340,9,0.853333333,smarttable
6,Q0,table-1495-661,10,0.797,smarttable
6,Q0,table-0313-748,11,0.79,smarttable
6,Q0,table-1393-928,12,0.249,smarttable
6,Q0,table-0729-805,13,0.218,smarttable
6,Q0,table-1393-929,14,0.201,smarttable
6,Q0,table-1588-343,15,0.195,smarttable
7,Q0,table-0406-281,1,1.424,smarttable
7,Q0,table-0592-701,2,0.206,smarttable
7,Q0,table-0678-627,3,0.175,smarttable
7,Q0,table-0678-625,4,0.143,smarttable
7,Q0,table-0291-159,5,0.133,smarttable
7,Q0,table-0155-146,6,0.123,smarttable
7,Q0,table-0033-959,7,0.115,smarttable
7,Q0,table-0266-218,8,0.109,smarttable
7,Q0,table-0367-173,9,0.1,smarttable
7,Q0,table-1417-774,10,0.08,smarttable
7,Q0,table-1582-619,11,0.071,smarttable
7,Q0,table-0127-274,12.5,0.062,smarttable
7,Q0,table-0453-280,12.5,0.062,smarttable
7,Q0,table-1492-675,14,0.06,smarttable
7,Q0,table-1056-349,15,0.05,smarttable
8,Q0,table-0145-207,1,1.745,smarttable
8,Q0,table-1610-48,2,1.693,smarttable
8,Q0,table-0176-187,3,1.226,smarttable
8,Q0,table-1358-28,4,1.191,smarttable
8,Q0,table-0044-50,5,1.187,smarttable
8,Q0,table-1389-264,6,1.038,smarttable
8,Q0,table-1389-263,7,1.036,smarttable
8,Q0,table-0177-459,8,1.016,smarttable
8,Q0,table-1389-262,9,1.007,smarttable
8,Q0,table-0633-54,10,0.976,smarttable
8,Q0,table-1509-515,11,0.925,smarttable
8,Q0,table-0569-730,12,0.382,smarttable
8,Q0,table-0125-915,13,0.374,smarttable
8,Q0,table-0249-249,14,0.308,smarttable
8,Q0,table-0625-924,15,0.282,smarttable
9,Q0,table-1619-337,1,1.869,smarttable
9,Q0,table-0601-201,2,1.783,smarttable
9,Q0,table-0601-200,3.5,1.763,smarttable
9,Q0,table-1619-336,3.5,1.763,smarttable
9,Q0,table-0600-579,5,1.608,smarttable
9,Q0,table-0601-199,6,1.194,smarttable
9,Q0,table-0371-315,7,1.081,smarttable
9,Q0,table-0371-314,8,1.037,smarttable
9,Q0,table-0471-463,9,0.293,smarttable
9,Q0,table-0148-456,10,0.226,smarttable
9,Q0,table-1402-475,11,0.191,smarttable
9,Q0,table-1403-409,12,0.159,smarttable
9,Q0,table-0585-98,13,0.143,smarttable
9,Q0,table-1415-938,14,0.137,smarttable
9,Q0,table-1402-476,15,0.127,smarttable
10,Q0,table-1384-649,1,1.76,smarttable
10,Q0,table-1384-651,2,1.69,smarttable
10,Q0,table-1387-237,3,1.666,smarttable
10,Q0,table-1384-653,4,1.605,smarttable
10,Q0,table-0152-596,5,1.545,smarttable
10,Q0,table-1384-654,6,1.113,smarttable
10,Q0,table-1384-652,7,1.014,smarttable
10,Q0,table-1091-421,8,1,smarttable
10,Q0,table-0384-350,9,0.983,smarttable
10,Q0,table-0384-352,10,0.982,smarttable
10,Q0,table-0384-349,11,0.98,smarttable
10,Q0,table-0384-348,12,0.969,smarttable
10,Q0,table-0384-351,13,0.96,smarttable
10,Q0,table-0384-354,14,0.94,smarttable
10,Q0,table-0921-716,15,0.782,smarttable
11,Q0,table-0891-868,1,1.612,smarttable
11,Q0,table-1016-927,2,0.917,smarttable
11,Q0,table-0891-869,3,0.531,smarttable
11,Q0,table-0362-968,4,0.226,smarttable
11,Q0,table-1622-305,5,0.167,smarttable
11,Q0,table-0028-393,6,0.163,smarttable
11,Q0,table-0179-26,7,0.149,smarttable
11,Q0,table-1579-543,8,0.107,smarttable
11,Q0,table-1256-358,9,0.099,smarttable
11,Q0,table-1383-130,10,0.09,smarttable
11,Q0,table-1376-554,11,0.088,smarttable
11,Q0,table-1627-735,12,0.07,smarttable
11,Q0,table-0243-839,13.5,0.066,smarttable
11,Q0,table-1423-213,13.5,0.066,smarttable
11,Q0,table-0763-39,15.5,0.063,smarttable
11,Q0,table-0265-529,15.5,0.063,smarttable
12,Q0,table-1315-700,1,0.306,smarttable
12,Q0,table-0016-922,2,0.192,smarttable
12,Q0,table-1520-40,3,0.14,smarttable
12,Q0,table-0943-565,4,0.13,smarttable
12,Q0,table-0146-573,5,0.119,smarttable
12,Q0,table-1520-42,6,0.097,smarttable
12,Q0,table-0969-18,7,0.089,smarttable
12,Q0,table-0146-574,8,0.086,smarttable
12,Q0,table-0077-563,9,0.073,smarttable
12,Q0,table-1204-834,10,0.049,smarttable
12,Q0,table-0012-373,11.5,0.042,smarttable
12,Q0,table-1230-725,11.5,0.042,smarttable
12,Q0,table-0066-658,13,0.041,smarttable
12,Q0,table-1028-382,14,0.033,smarttable
12,Q0,table-0972-522,15,0.031,smarttable
13,Q0,table-0263-444,1,1.854,smarttable
13,Q0,table-1447-381,2,1.812,smarttable
13,Q0,table-0482-24,3,1.808,smarttable
13,Q0,table-1320-890,4.5,1.802,smarttable
13,Q0,table-0311-394,4.5,1.802,smarttable
13,Q0,table-1613-935,6,1.779,smarttable
13,Q0,table-1640-284,7,1.737,smarttable
13,Q0,table-1447-380,8,1.712,smarttable
13,Q0,table-1647-839,9,1.688,smarttable
13,Q0,table-0072-231,10,1.679,smarttable
13,Q0,table-1365-737,11,1.661,smarttable
13,Q0,table-1515-997,12,1.592,smarttable
13,Q0,table-0311-393,13,1.213,smarttable
13,Q0,table-1545-121,14,1.123,smarttable
13,Q0,table-0686-862,15,1.101,smarttable
14,Q0,table-1281-687,1,1.395,smarttable
14,Q0,table-0354-325,2,0.839,smarttable
14,Q0,table-1579-731,3,0.726,smarttable
14,Q0,table-0370-691,4,0.111,smarttable
14,Q0,table-0503-892,5,0.088,smarttable
14,Q0,table-0896-9,6,0.058,smarttable
14,Q0,table-0352-129,7,0.037,smarttable
14,Q0,table-1579-348,8,0.031,smarttable
14,Q0,table-1392-358,9,0.025,smarttable
14,Q0,table-1277-865,10,0.018,smarttable
14,Q0,table-1277-863,11,0.015,smarttable
14,Q0,table-0149-434,12,0.013,smarttable
14,Q0,table-0534-18,13.5,0.01,smarttable
14,Q0,table-0297-285,13.5,0.01,smarttable
14,Q0,table-0259-660,15,0.008,smarttable
15,Q0,table-0312-46,5,2,smarttable
15,Q0,table-0312-53,5,2,smarttable
15,Q0,table-0312-60,5,2,smarttable
15,Q0,table-0312-44,5,2,smarttable
15,Q0,table-0312-31,5,2,smarttable
15,Q0,table-0312-48,5,2,smarttable
15,Q0,table-0311-917,5,2,smarttable
15,Q0,table-0311-929,5,2,smarttable
15,Q0,table-0311-930,5,2,smarttable
15,Q0,table-0312-29,10,1.997,smarttable
15,Q0,table-0312-4,11,1.996,smarttable
15,Q0,table-0312-62,13,1.995,smarttable
15,Q0,table-0312-45,13,1.995,smarttable
15,Q0,table-0310-209,13,1.995,smarttable
15,Q0,table-0312-63,15,1.994,smarttable
16,Q0,table-0172-991,1,1.882,smarttable
16,Q0,table-1180-888,2,1.766,smarttable
16,Q0,table-1424-415,3,1.755,smarttable
16,Q0,table-0704-620,4,1.671,smarttable
16,Q0,table-0401-729,5,1.663,smarttable
16,Q0,table-0431-12,6,1.611,smarttable
16,Q0,table-0766-472,7,1.594,smarttable
16,Q0,table-0949-855,8,1.554,smarttable
16,Q0,table-0336-744,9,1.479,smarttable
16,Q0,table-0056-298,10,1.474,smarttable
16,Q0,table-0523-269,11,0.954,smarttable
16,Q0,table-0096-57,12,0.529,smarttable
16,Q0,table-1441-100,13,0.322,smarttable
16,Q0,table-0633-236,14,0.245,smarttable
16,Q0,table-1515-757,15,0.232,smarttable
17,Q0,table-1442-90,1,1.988,smarttable
17,Q0,table-1442-99,2,1.98,smarttable
17,Q0,table-1442-91,3,1.951,smarttable
17,Q0,table-1442-88,4.5,1.926,smarttable
17,Q0,table-1442-92,4.5,1.926,smarttable
17,Q0,table-1442-96,6,1.915,smarttable
17,Q0,table-1442-78,7,1.889,smarttable
17,Q0,table-1442-89,8,1.844,smarttable
17,Q0,table-1571-18,9,1.583,smarttable
17,Q0,table-0677-684,10,1.516,smarttable
17,Q0,table-1554-655,11,1.389,smarttable
17,Q0,table-0349-674,12,0.923,smarttable
17,Q0,table-0140-687,13,0.824,smarttable
17,Q0,table-1309-776,14,0.693,smarttable
17,Q0,table-0861-544,15,0.643,smarttable
18,Q0,table-0024-849,1,1.98,smarttable
18,Q0,table-0024-851,2,1.975,smarttable
18,Q0,table-0024-852,3,1.966,smarttable
18,Q0,table-0575-338,4,1.965,smarttable
18,Q0,table-1526-870,5,1.961,smarttable
18,Q0,table-0650-180,6,1.96,smarttable
18,Q0,table-0650-179,7.5,1.957,smarttable
18,Q0,table-0575-330,7.5,1.957,smarttable
18,Q0,table-0024-850,9,1.956,smarttable
18,Q0,table-0493-911,10,1.937,smarttable
18,Q0,table-0588-469,11,1.933,smarttable
18,Q0,table-0650-177,12,1.93,smarttable
18,Q0,table-1526-871,13,1.921,smarttable
18,Q0,table-0826-552,14,1.912,smarttable
18,Q0,table-0899-963,15,1.907,smarttable
19,Q0,table-0836-302,1,1.675,smarttable
19,Q0,table-0836-301,2,1.597,smarttable
19,Q0,table-0853-133,3,1.355,smarttable
19,Q0,table-0837-242,4,1.337,smarttable
19,Q0,table-1604-500,5,1.302,smarttable
19,Q0,table-0578-304,6,0.961,smarttable
19,Q0,table-0292-548,7,0.877,smarttable
19,Q0,table-0009-819,8,0.794,smarttable
19,Q0,table-1453-183,9,0.75,smarttable
19,Q0,table-0432-545,10,0.674,smarttable
19,Q0,table-0540-631,11,0.312,smarttable
19,Q0,table-0944-63,12,0.174,smarttable
19,Q0,table-1508-452,13.5,0.147,smarttable
19,Q0,table-1453-178,13.5,0.147,smarttable
19,Q0,table-0090-107,15,0.144,smarttable
20,Q0,table-1628-976,2,1.995,smarttable
20,Q0,table-1628-971,2,1.995,smarttable
20,Q0,table-1628-973,2,1.995,smarttable
20,Q0,table-1628-974,4,1.992,smarttable
20,Q0,table-1628-972,5.5,1.99,smarttable
20,Q0,table-1628-975,5.5,1.99,smarttable
20,Q0,table-1628-969,7,1.989,smarttable
20,Q0,table-1628-977,8,1.987,smarttable
20,Q0,table-1628-970,9,1.982,smarttable
20,Q0,table-0552-212,10,1.939,smarttable
20,Q0,table-1531-714,11,1.903,smarttable
20,Q0,table-1531-715,12,1.901,smarttable
20,Q0,table-0636-282,13,1.891,smarttable
20,Q0,table-0202-12,14,1.887,smarttable
20,Q0,table-1420-810,15,1.882,smarttable
21,Q0,table-0222-392,1,1.591,smarttable
21,Q0,table-1350-462,2,0.849,smarttable
21,Q0,table-1207-486,3,0.834,smarttable
21,Q0,table-0057-386,4,0.421,smarttable
21,Q0,table-0061-292,5,0.22,smarttable
21,Q0,table-1227-229,6,0.18,smarttable
21,Q0,table-0167-101,7,0.162,smarttable
21,Q0,table-1151-607,8,0.145,smarttable
21,Q0,table-1493-389,9,0.106,smarttable
21,Q0,table-0038-57,10,0.087,smarttable
21,Q0,table-0825-384,11,0.081,smarttable
21,Q0,table-0611-612,12,0.065,smarttable
21,Q0,table-1410-903,13,0.059,smarttable
21,Q0,table-0683-881,14,0.032,smarttable
21,Q0,table-1295-879,15,0.031,smarttable
22,Q0,table-1383-553,1,0.68,smarttable
22,Q0,table-1360-400,2,0.104,smarttable
22,Q0,table-0532-499,3,0.056,smarttable
22,Q0,table-0406-400,4,0.053,smarttable
22,Q0,table-0640-506,5,0.036,smarttable
22,Q0,table-0570-258,6,0.028,smarttable
22,Q0,table-0401-930,7,0.022,smarttable
22,Q0,table-1626-811,8,0.02,smarttable
22,Q0,table-0695-982,9,0.019,smarttable
22,Q0,table-0364-38,10,0.014,smarttable
22,Q0,table-0295-94,11.5,0.012,smarttable
22,Q0,table-1390-483,11.5,0.012,smarttable
22,Q0,table-0591-574,14,0.011,smarttable
22,Q0,table-1571-140,14,0.011,smarttable
22,Q0,table-0364-40,14,0.011,smarttable
23,Q0,table-1554-331,1,1.85,smarttable
23,Q0,table-1554-330,2,1.774,smarttable
23,Q0,table-1070-327,3,1.754,smarttable
23,Q0,table-0830-358,4,1.66,smarttable
23,Q0,table-1007-467,5,1.61,smarttable
23,Q0,table-1070-326,6,1.24,smarttable
23,Q0,table-0270-496,7,1.069,smarttable
23,Q0,table-0813-442,8,1.054,smarttable
23,Q0,table-0498-297,9,1.046,smarttable
23,Q0,table-1420-880,10,1.025,smarttable
23,Q0,table-0458-601,11,1.003,smarttable
23,Q0,table-0103-625,12,1.001,smarttable
23,Q0,table-0209-363,13,0.973,smarttable
23,Q0,table-0333-158,14,0.968,smarttable
23,Q0,table-1579-470,15,0.967,smarttable
24,Q0,table-0202-593,1,1.447,smarttable
24,Q0,table-0581-69,2,0.746,smarttable
24,Q0,table-0729-940,3,0.742,smarttable
24,Q0,table-1335-447,4,0.25,smarttable
24,Q0,table-0708-258,5,0.186,smarttable
24,Q0,table-0468-712,6,0.173,smarttable
24,Q0,table-1452-734,7,0.094,smarttable
24,Q0,table-0678-940,8,0.08,smarttable
24,Q0,table-1027-438,9,0.075,smarttable
24,Q0,table-1452-735,10,0.072,smarttable
24,Q0,table-0189-549,11,0.063,smarttable
24,Q0,table-1416-853,12,0.062,smarttable
24,Q0,table-1452-736,13,0.059,smarttable
24,Q0,table-0355-152,14,0.053,smarttable
24,Q0,table-0120-714,15,0.05,smarttable
25,Q0,table-0569-906,2.5,2,smarttable
25,Q0,table-0569-905,2.5,2,smarttable
25,Q0,table-1469-456,2.5,2,smarttable
25,Q0,table-1469-455,2.5,2,smarttable
25,Q0,table-0569-907,6,1.999,smarttable
25,Q0,table-0569-904,6,1.999,smarttable
25,Q0,table-1469-454,6,1.999,smarttable
25,Q0,table-0569-908,8.5,1.998,smarttable
25,Q0,table-0569-903,8.5,1.998,smarttable
25,Q0,table-0569-909,11.5,1.995,smarttable
25,Q0,table-1469-451,11.5,1.995,smarttable
25,Q0,table-1469-452,11.5,1.995,smarttable
25,Q0,table-1469-453,11.5,1.995,smarttable
25,Q0,table-1469-457,14,1.994,smarttable
25,Q0,table-0569-902,15,1.993,smarttable
26,Q0,table-0387-47,1,1.508,smarttable
26,Q0,table-1479-337,2,0.886,smarttable
26,Q0,table-0511-959,3,0.876,smarttable
26,Q0,table-0952-496,4,0.831,smarttable
26,Q0,table-0713-460,5,0.829,smarttable
26,Q0,table-1378-44,6,0.801,smarttable
26,Q0,table-0001-249,7,0.786,smarttable
26,Q0,table-0218-222,8,0.77,smarttable
26,Q0,table-0529-770,9,0.769,smarttable
26,Q0,table-1148-406,10,0.717,smarttable
26,Q0,table-1567-612,11,0.676,smarttable
26,Q0,table-0387-60,12,0.355,smarttable
26,Q0,table-0529-771,13,0.313,smarttable
26,Q0,table-0109-237,14,0.221,smarttable
26,Q0,table-1295-621,15,0.203,smarttable
27,Q0,table-0610-22,1,1.641,smarttable
27,Q0,table-0007-925,2,1.568,smarttable
27,Q0,table-0610-21,3,1.561,smarttable
27,Q0,table-0296-506,4,1.365,smarttable
27,Q0,table-0007-924,5,0.775,smarttable
27,Q0,table-0012-462,6,0.767,smarttable
27,Q0,table-0763-642,7,0.144,smarttable
27,Q0,table-0065-495,8,0.102,smarttable
27,Q0,table-0015-426,9,0.073,smarttable
27,Q0,table-0804-473,10,0.064,smarttable
27,Q0,table-0208-817,11.5,0.054,smarttable
27,Q0,table-0383-589,11.5,0.054,smarttable
27,Q0,table-1340-721,13,0.039,smarttable
27,Q0,table-0696-428,14,0.032,smarttable
27,Q0,table-1645-397,15,0.027,smarttable
28,Q0,table-1116-768,1,1.867,smarttable
28,Q0,table-1117-4,2,1.805,smarttable
28,Q0,table-1117-80,3,1.777,smarttable
28,Q0,table-1116-904,4,1.754,smarttable
28,Q0,table-1571-795,5,1.571,smarttable
28,Q0,table-1517-609,6,1.56,smarttable
28,Q0,table-1472-114,7,1.507,smarttable
28,Q0,table-1517-625,8,1.468,smarttable
28,Q0,table-0587-13,9,1.45,smarttable
28,Q0,table-0423-842,10,1.394492537,smarttable
28,Q0,table-1320-478,11,0.959,smarttable
28,Q0,table-1607-162,12,0.943,smarttable
28,Q0,table-1455-264,13,0.9,smarttable
28,Q0,table-1150-885,14,0.897,smarttable
28,Q0,table-0801-695,15,0.894,smarttable
29,Q0,table-0428-148,1,2,smarttable
29,Q0,table-0357-260,2.5,1.999,smarttable
29,Q0,table-0358-30,2.5,1.999,smarttable
29,Q0,table-0427-720,5.5,1.998,smarttable
29,Q0,table-0428-136,5.5,1.998,smarttable
29,Q0,table-0355-422,5.5,1.998,smarttable
29,Q0,table-0357-162,5.5,1.998,smarttable
29,Q0,table-0357-944,9,1.997,smarttable
29,Q0,table-0355-972,9,1.997,smarttable
29,Q0,table-0356-511,9,1.997,smarttable
29,Q0,table-0356-842,11,1.996,smarttable
29,Q0,table-0357-725,12,1.995,smarttable
29,Q0,table-0357-364,13.5,1.993,smarttable
29,Q0,table-0356-611,13.5,1.993,smarttable
29,Q0,table-0427-703,15,1.991,smarttable
30,Q0,table-1253-973,1,0.919,smarttable
30,Q0,table-1253-987,2,0.891,smarttable
30,Q0,table-1253-972,3,0.881,smarttable
30,Q0,table-1253-984,4,0.86,smarttable
30,Q0,table-1253-977,5,0.858,smarttable
30,Q0,table-1253-974,6,0.813,smarttable
30,Q0,table-1253-982,7,0.801,smarttable
30,Q0,table-0520-188,8,0.772,smarttable
30,Q0,table-0092-887,9,0.765,smarttable
30,Q0,table-1444-126,10,0.74,smarttable
30,Q0,table-0732-148,11,0.735,smarttable
30,Q0,table-1253-975,12,0.272,smarttable
30,Q0,table-1012-983,13,0.265,smarttable
30,Q0,table-1253-970,14,0.2,smarttable
30,Q0,table-1012-982,15,0.191,smarttable
31,Q0,table-1550-200,1,1.950269841,smarttable
31,Q0,table-1550-196,2,1.943269841,smarttable
31,Q0,table-1550-202,3.5,1.940269841,smarttable
31,Q0,table-1550-201,3.5,1.940269841,smarttable
31,Q0,table-1550-211,5,1.922714286,smarttable
31,Q0,table-1550-999,6,1.850714286,smarttable
31,Q0,table-1550-209,7,1.845555556,smarttable
31,Q0,table-0151-840,8,1.833,smarttable
31,Q0,table-1550-198,9,1.83,smarttable
31,Q0,table-1551-19,10,1.825142857,smarttable
31,Q0,table-0419-518,11,1.813,smarttable
31,Q0,table-0273-904,12,1.812714286,smarttable
31,Q0,table-0347-736,13,1.811555556,smarttable
31,Q0,table-0419-513,14,1.807,smarttable
31,Q0,table-0221-714,15,1.804555556,smarttable
32,Q0,table-1577-566,1,1.278,smarttable
32,Q0,table-1460-55,2,0.665,smarttable
32,Q0,table-0573-741,3,0.085,smarttable
32,Q0,table-0092-585,4,0.082,smarttable
32,Q0,table-0688-862,5,0.07,smarttable
32,Q0,table-0625-421,6,0.063,smarttable
32,Q0,table-0450-575,7,0.062,smarttable
32,Q0,table-1547-182,8,0.051,smarttable
32,Q0,table-1090-435,9,0.047,smarttable
32,Q0,table-0450-572,10,0.044,smarttable
32,Q0,table-0972-522,11,0.043,smarttable
32,Q0,table-0450-569,12,0.039,smarttable
32,Q0,table-1289-998,13,0.034,smarttable
32,Q0,table-1547-176,14,0.033,smarttable
32,Q0,table-0867-339,15,0.032,smarttable
33,Q0,table-0264-10,1,1.378,smarttable
33,Q0,table-0787-879,2,0.928668067,smarttable
33,Q0,table-1249-780,3,0.919,smarttable
33,Q0,table-0259-373,4,0.912928571,smarttable
33,Q0,table-0401-152,5,0.908928571,smarttable
33,Q0,table-1647-680,6,0.906,smarttable
33,Q0,table-1468-870,7,0.904668067,smarttable
33,Q0,table-0791-515,8,0.897785714,smarttable
33,Q0,table-1270-645,9,0.894668067,smarttable
33,Q0,table-0293-211,10,0.890785714,smarttable
33,Q0,table-0152-679,11,0.890278252,smarttable
33,Q0,table-1453-697,12,0.886278252,smarttable
33,Q0,table-1201-576,13,0.884668067,smarttable
33,Q0,table-1442-709,14,0.872223623,smarttable
33,Q0,table-0800-191,15,0.870160605,smarttable
34,Q0,table-0218-202,1,1.758,smarttable
34,Q0,table-1646-857,2,1.107,smarttable
34,Q0,table-0171-322,3,1.044,smarttable
34,Q0,table-1087-848,4,1.037,smarttable
34,Q0,table-1087-909,5,1.032,smarttable
34,Q0,table-1087-917,6.5,1.005,smarttable
34,Q0,table-1087-857,6.5,1.005,smarttable
34,Q0,table-1087-836,8.5,1.003,smarttable
34,Q0,table-1087-860,8.5,1.003,smarttable
34,Q0,table-1087-872,10,1.002,smarttable
34,Q0,table-0260-605,12.5,1.001,smarttable
34,Q0,table-1087-873,12.5,1.001,smarttable
34,Q0,table-1087-864,12.5,1.001,smarttable
34,Q0,table-1087-863,12.5,1.001,smarttable
34,Q0,table-1087-867,15.5,1,smarttable
34,Q0,table-1087-876,15.5,1,smarttable
35,Q0,table-0981-339,1,1.557,smarttable
35,Q0,table-1080-585,2,1.051,smarttable
35,Q0,table-1489-449,3,0.747,smarttable
35,Q0,table-0459-793,4,0.071,smarttable
35,Q0,table-0453-219,5,0.062,smarttable
35,Q0,table-0310-406,6,0.059,smarttable
35,Q0,table-1005-652,7,0.056,smarttable
35,Q0,table-1353-195,8,0.054,smarttable
35,Q0,table-1647-305,9,0.05,smarttable
35,Q0,table-0735-912,10,0.038,smarttable
35,Q0,table-0598-146,11,0.036,smarttable
35,Q0,table-0245-556,12,0.035,smarttable
35,Q0,table-1402-905,13,0.034,smarttable
35,Q0,table-0865-947,14,0.032,smarttable
35,Q0,table-0130-23,15,0.029,smarttable
36,Q0,table-0194-548,1,0.646,smarttable
36,Q0,table-1353-195,2,0.639,smarttable
36,Q0,table-1334-944,3,0.313,smarttable
36,Q0,table-0194-547,4,0.107,smarttable
36,Q0,table-0194-549,5,0.105,smarttable
36,Q0,table-1508-914,6,0.082,smarttable
36,Q0,table-1005-652,7,0.078,smarttable
36,Q0,table-1333-198,8,0.065,smarttable
36,Q0,table-1402-905,9,0.06,smarttable
36,Q0,table-1647-305,10,0.059,smarttable
36,Q0,table-0709-586,11,0.052,smarttable
36,Q0,table-0452-64,12.5,0.049,smarttable
36,Q0,table-0598-146,12.5,0.049,smarttable
36,Q0,table-0709-584,14,0.045,smarttable
36,Q0,table-1489-146,15,0.044,smarttable
37,Q0,table-1616-533,1,1.63,smarttable
37,Q0,table-1573-730,2,1.623,smarttable
37,Q0,table-0687-978,3,1.619,smarttable
37,Q0,table-0123-682,4,1.575,smarttable
37,Q0,table-1627-93,5,1.556,smarttable
37,Q0,table-1108-894,6,1.529,smarttable
37,Q0,table-1563-283,7,1.489,smarttable
37,Q0,table-0889-1,8,1.37,smarttable
37,Q0,table-0999-325,9.5,0.941,smarttable
37,Q0,table-0999-323,9.5,0.941,smarttable
37,Q0,table-1000-412,11,0.915,smarttable
37,Q0,table-1037-848,12,0.902,smarttable
37,Q0,table-0128-170,13,0.82,smarttable
37,Q0,table-1375-531,14,0.814,smarttable
37,Q0,table-0290-4,15,0.705,smarttable
38,Q0,table-1017-538,1,1.862,smarttable
38,Q0,table-0520-707,2,1.813,smarttable
38,Q0,table-1451-328,3,1.746,smarttable
38,Q0,table-0001-400,4,1.323,smarttable
38,Q0,table-0116-212,5,0.967,smarttable
38,Q0,table-0507-56,6,0.85,smarttable
38,Q0,table-0403-805,7,0.217,smarttable
38,Q0,table-1650-920,8,0.196,smarttable
38,Q0,table-1388-470,9,0.153,smarttable
38,Q0,table-1379-82,10,0.147,smarttable
38,Q0,table-1204-839,11,0.132,smarttable
38,Q0,table-1292-436,12,0.128,smarttable
38,Q0,table-1386-110,13,0.116,smarttable
38,Q0,table-1205-318,14,0.069,smarttable
38,Q0,table-1017-458,15.5,0.064,smarttable
38,Q0,table-1035-439,15.5,0.064,smarttable
39,Q0,table-1524-733,1,0.859,smarttable
39,Q0,table-0881-101,2,0.086,smarttable
39,Q0,table-1169-102,3,0.08,smarttable
39,Q0,table-0809-4,4,0.075,smarttable
39,Q0,table-0806-58,5,0.071,smarttable
39,Q0,table-0116-621,6,0.066,smarttable
39,Q0,table-0435-533,7,0.052,smarttable
39,Q0,table-0806-57,8,0.044,smarttable
39,Q0,table-0217-467,9,0.039,smarttable
39,Q0,table-1420-265,10.5,0.035,smarttable
39,Q0,table-0191-235,10.5,0.035,smarttable
39,Q0,table-1253-980,12,0.03,smarttable
39,Q0,table-0806-54,13,0.027,smarttable
39,Q0,table-0285-770,14,0.026,smarttable
39,Q0,table-1390-133,15,0.022,smarttable
40,Q0,table-0880-38,1,1.529,smarttable
40,Q0,table-1269-149,2,1.501,smarttable
40,Q0,table-0484-507,3,1.497,smarttable
40,Q0,table-1045-652,4,1.441,smarttable
40,Q0,table-1031-634,5,1.02,smarttable
40,Q0,table-0899-319,6,0.977,smarttable
40,Q0,table-0350-639,7,0.885,smarttable
40,Q0,table-1455-165,8,0.867,smarttable
40,Q0,table-0273-259,9,0.852,smarttable
40,Q0,table-1455-161,10,0.849,smarttable
40,Q0,table-0268-63,11,0.846,smarttable
40,Q0,table-1486-330,12,0.842,smarttable
40,Q0,table-0100-968,13,0.688,smarttable
40,Q0,table-0268-65,14,0.269,smarttable
40,Q0,table-1053-499,15,0.241,smarttable
41,Q0,table-0875-235,1,1.905,smarttable
41,Q0,table-0875-228,2,1.897,smarttable
41,Q0,table-0875-234,3,1.875,smarttable
41,Q0,table-1090-242,4,1.863,smarttable
41,Q0,table-1090-239,5,1.862,smarttable
41,Q0,table-0875-227,6,1.841,smarttable
41,Q0,table-0875-237,7,1.84,smarttable
41,Q0,table-0875-223,8,1.787,smarttable
41,Q0,table-0875-230,9,1.758,smarttable
41,Q0,table-0875-233,10,1.702,smarttable
41,Q0,table-0750-129,11,1.57,smarttable
41,Q0,table-1122-431,12,1.464,smarttable
41,Q0,table-0875-225,13,1.26,smarttable
41,Q0,table-0875-224,14,1.258,smarttable
41,Q0,table-1090-240,15,1.243,smarttable
42,Q0,table-1396-736,1.5,1.48,smarttable
42,Q0,table-1396-734,1.5,1.48,smarttable
42,Q0,table-1396-738,3,0.821,smarttable
42,Q0,table-0342-607,4,0.775,smarttable
42,Q0,table-0498-296,5,0.767,smarttable
42,Q0,table-0642-956,6,0.751,smarttable
42,Q0,table-0349-811,7,0.75,smarttable
42,Q0,table-0552-599,8,0.721,smarttable
42,Q0,table-0462-401,9,0.715,smarttable
42,Q0,table-1493-257,10,0.664,smarttable
42,Q0,table-1396-735,11,0.306,smarttable
42,Q0,table-1396-737,12,0.266,smarttable
42,Q0,table-0498-295,13,0.198,smarttable
42,Q0,table-0496-732,14,0.197,smarttable
42,Q0,table-0498-298,15,0.192,smarttable
43,Q0,table-1610-23,1,0.645,smarttable
43,Q0,table-1611-900,2,0.057,smarttable
43,Q0,table-1611-930,3,0.054,smarttable
43,Q0,table-1611-980,4.5,0.047,smarttable
43,Q0,table-1612-45,4.5,0.047,smarttable
43,Q0,table-1611-550,6,0.046,smarttable
43,Q0,table-1165-698,7,0.043,smarttable
43,Q0,table-1610-22,8,0.037,smarttable
43,Q0,table-1616-344,9,0.032,smarttable
43,Q0,table-1612-18,10,0.03,smarttable
43,Q0,table-1612-261,11,0.027,smarttable
43,Q0,table-1611-535,12,0.025,smarttable
43,Q0,table-1611-452,13,0.023,smarttable
43,Q0,table-1612-172,15,0.022,smarttable
43,Q0,table-1612-121,15,0.022,smarttable
43,Q0,table-1618-598,15,0.022,smarttable
44,Q0,table-0698-538,1,1.519,smarttable
44,Q0,table-0698-536,2,0.938,smarttable
44,Q0,table-0726-562,3,0.772,smarttable
44,Q0,table-0412-643,4,0.766,smarttable
44,Q0,table-0294-28,5,0.764,smarttable
44,Q0,table-0863-916,6,0.751,smarttable
44,Q0,table-0698-362,7,0.692,smarttable
44,Q0,table-1528-923,8,0.326,smarttable
44,Q0,table-0698-537,9,0.31,smarttable
44,Q0,table-1591-383,10,0.251,smarttable
44,Q0,table-1562-617,11,0.154,smarttable
44,Q0,table-0351-374,12,0.13,smarttable
44,Q0,table-0351-399,13,0.118,smarttable
44,Q0,table-0393-510,14,0.11,smarttable
44,Q0,table-1008-629,15,0.095,smarttable
45,Q0,table-0497-395,1,0.851,smarttable
45,Q0,table-1335-335,2,0.844,smarttable
45,Q0,table-0798-552,3,0.813,smarttable
45,Q0,table-1161-330,4,0.804,smarttable
45,Q0,table-1146-975,5,0.802,smarttable
45,Q0,table-1075-885,6,0.801,smarttable
45,Q0,table-0376-810,7,0.786,smarttable
45,Q0,table-1076-602,8,0.766,smarttable
45,Q0,table-1087-866,9,0.76,smarttable
45,Q0,table-0394-190,10,0.743,smarttable
45,Q0,table-0241-136,11,0.71,smarttable
45,Q0,table-1516-67,12,0.175,smarttable
45,Q0,table-0998-667,13,0.156,smarttable
45,Q0,table-0446-837,14,0.154,smarttable
45,Q0,table-0942-955,15,0.13,smarttable
46,Q0,table-1602-828,1,1.679,smarttable
46,Q0,table-0183-58,2,1.515,smarttable
46,Q0,table-1390-891,3,1.485,smarttable
46,Q0,table-0350-546,4,0.865,smarttable
46,Q0,table-1280-419,5,0.841,smarttable
46,Q0,table-1442-90,6,0.822,smarttable
46,Q0,table-1442-89,7,0.817,smarttable
46,Q0,table-1495-660,8,0.754,smarttable
46,Q0,table-1495-661,9,0.676,smarttable
46,Q0,table-1602-829,10,0.42,smarttable
46,Q0,table-1355-572,11,0.271,smarttable
46,Q0,table-1448-829,12,0.193,smarttable
46,Q0,table-0338-14,13,0.189,smarttable
46,Q0,table-0434-898,14,0.163,smarttable
46,Q0,table-1353-79,15,0.156,smarttable
47,Q0,table-0728-796,1,1.866,smarttable
47,Q0,table-1465-885,2,1.861,smarttable
47,Q0,table-1585-588,3,1.832,smarttable
47,Q0,table-0224-786,4,1.828,smarttable
47,Q0,table-1585-589,5.5,1.827,smarttable
47,Q0,table-0480-100,5.5,1.827,smarttable
47,Q0,table-0282-68,7,1.788,smarttable
47,Q0,table-0813-439,8,1.784,smarttable
47,Q0,table-0498-294,9,1.775,smarttable
47,Q0,table-0853-850,10,1.772,smarttable
47,Q0,table-0498-295,11,1.763,smarttable
47,Q0,table-1197-684,12,1.752,smarttable
47,Q0,table-0610-865,13,1.73,smarttable
47,Q0,table-0087-619,14,1.714,smarttable
47,Q0,table-0488-918,15,1.674,smarttable
48,Q0,table-0208-139,1.5,1.755,smarttable
48,Q0,table-0208-138,1.5,1.755,smarttable
48,Q0,table-0371-97,3,1.635,smarttable
48,Q0,table-1628-799,4,1.541,smarttable
48,Q0,table-1571-62,5,1.51,smarttable
48,Q0,table-0055-698,6,1.475,smarttable
48,Q0,table-1461-956,7,0.922,smarttable
48,Q0,table-0456-40,8,0.828,smarttable
48,Q0,table-1137-398,9,0.209,smarttable
48,Q0,table-1026-599,10,0.201,smarttable
48,Q0,table-0459-647,11,0.174,smarttable
48,Q0,table-1635-745,12,0.168,smarttable
48,Q0,table-1612-172,13,0.159,smarttable
48,Q0,table-1055-978,14,0.146,smarttable
48,Q0,table-0625-86,15.5,0.126,smarttable
48,Q0,table-1612-261,15.5,0.126,smarttable
49,Q0,table-0346-490,1,0.742,smarttable
49,Q0,table-1216-279,2,0.739,smarttable
49,Q0,table-1633-945,3,0.318,smarttable
49,Q0,table-1502-45,4,0.223,smarttable
49,Q0,table-0002-320,5,0.219,smarttable
49,Q0,table-1017-379,6,0.164,smarttable
49,Q0,table-1533-500,7,0.146,smarttable
49,Q0,table-1522-309,8,0.124,smarttable
49,Q0,table-0404-288,9,0.106,smarttable
49,Q0,table-1567-896,10,0.098,smarttable
49,Q0,table-1640-352,11,0.089,smarttable
49,Q0,table-1567-897,12,0.073,smarttable
49,Q0,table-0058-281,13,0.067,smarttable
49,Q0,table-0432-561,14,0.058,smarttable
49,Q0,table-0255-225,15,0.057,smarttable
50,Q0,table-1405-724,1,1.732,smarttable
50,Q0,table-0227-700,2,1.705,smarttable
50,Q0,table-0666-479,3,1.501,smarttable
50,Q0,table-0197-91,4,0.762,smarttable
50,Q0,table-1541-685,5,0.734,smarttable
50,Q0,table-0668-241,6,0.686,smarttable
50,Q0,table-0575-909,7,0.086,smarttable
50,Q0,table-1448-639,8.5,0.085,smarttable
50,Q0,table-1005-954,8.5,0.085,smarttable
50,Q0,table-1005-137,10,0.083,smarttable
50,Q0,table-0194-131,11,0.069,smarttable
50,Q0,table-0888-964,12,0.063,smarttable
50,Q0,table-0434-898,13,0.061,smarttable
50,Q0,table-1572-706,14,0.058,smarttable
50,Q0,table-0044-810,15,0.057,smarttable
51,Q0,table-1573-730,1,1.424,smarttable
51,Q0,table-1640-1,2,0.215,smarttable
51,Q0,table-0687-978,3,0.141,smarttable
51,Q0,table-1653-369,4,0.132,smarttable
51,Q0,table-0889-1,5,0.127,smarttable
51,Q0,table-0123-682,6,0.118,smarttable
51,Q0,table-0091-144,7,0.111,smarttable
51,Q0,table-1639-747,8,0.11,smarttable
51,Q0,table-0919-458,9.5,0.103,smarttable
51,Q0,table-1438-848,9.5,0.103,smarttable
51,Q0,table-1627-93,11,0.093,smarttable
51,Q0,table-0420-541,12,0.091,smarttable
51,Q0,table-1375-531,13,0.09,smarttable
51,Q0,table-0630-761,14,0.079,smarttable
51,Q0,table-0327-289,15,0.078,smarttable
52,Q0,table-0131-736,1,0.145,smarttable
52,Q0,table-1336-806,2,0.126,smarttable
52,Q0,table-0180-579,3,0.084,smarttable
52,Q0,table-1021-819,4,0.082,smarttable
52,Q0,table-1081-79,5,0.074,smarttable
52,Q0,table-0088-469,6,0.063,smarttable
52,Q0,table-1417-465,7,0.062,smarttable
52,Q0,table-0383-291,8,0.055,smarttable
52,Q0,table-1447-122,9,0.042,smarttable
52,Q0,table-1331-268,10,0.038,smarttable
52,Q0,table-0301-348,11,0.037,smarttable
52,Q0,table-1005-326,12,0.036,smarttable
52,Q0,table-0989-346,13,0.035,smarttable
52,Q0,table-0350-520,14,0.031,smarttable
52,Q0,table-1482-885,15,0.029,smarttable
53,Q0,table-0587-650,1,0.041142857,smarttable
53,Q0,table-0804-919,2,0.041,smarttable
53,Q0,table-1567-423,3,0.04,smarttable
53,Q0,table-0124-852,4,0.036,smarttable
53,Q0,table-0729-39,5,0.027,smarttable
53,Q0,table-0033-586,6.5,0.026,smarttable
53,Q0,table-0107-335,6.5,0.026,smarttable
53,Q0,table-1349-522,8,0.024,smarttable
53,Q0,table-1564-254,9,0.02,smarttable
53,Q0,table-0898-31,10,0.014,smarttable
53,Q0,table-0297-350,11.5,0.013,smarttable
53,Q0,table-0469-344,11.5,0.013,smarttable
53,Q0,table-0587-651,13,0.011142857,smarttable
53,Q0,table-0925-47,14,0.011,smarttable
53,Q0,table-1642-73,15,0.01,smarttable
54,Q0,table-0090-631,1,0.82,smarttable
54,Q0,table-0639-660,2,0.716,smarttable
54,Q0,table-1208-518,3,0.654,smarttable
54,Q0,table-1035-850,4,0.643,smarttable
54,Q0,table-1634-953,5,0.244,smarttable
54,Q0,table-1208-515,6,0.163,smarttable
54,Q0,table-0539-829,7,0.161,smarttable
54,Q0,table-1129-534,8,0.157,smarttable
54,Q0,table-1208-522,9,0.156,smarttable
54,Q0,table-0090-633,10,0.145,smarttable
54,Q0,table-0115-440,11,0.13,smarttable
54,Q0,table-0455-593,12,0.126,smarttable
54,Q0,table-1580-209,13,0.125,smarttable
54,Q0,table-1580-218,14,0.097,smarttable
54,Q0,table-1580-221,15,0.095,smarttable
55,Q0,table-0905-211,1,1.618,smarttable
55,Q0,table-0905-212,2,1.56,smarttable
55,Q0,table-0259-714,3,1.548,smarttable
55,Q0,table-1370-151,4,0.891,smarttable
55,Q0,table-0253-421,5,0.889,smarttable
55,Q0,table-1015-954,6,0.846,smarttable
55,Q0,table-0634-466,7,0.833,smarttable
55,Q0,table-0378-500,8,0.828,smarttable
55,Q0,table-1356-971,9,0.811,smarttable
55,Q0,table-1605-266,10,0.802,smarttable
55,Q0,table-1370-150,11,0.796,smarttable
55,Q0,table-0798-652,12,0.766,smarttable
55,Q0,table-0107-797,13,0.728222222,smarttable
55,Q0,table-0480-973,14,0.70675,smarttable
55,Q0,table-0808-950,15,0.697,smarttable
56,Q0,table-0546-965,1,1.835,smarttable
56,Q0,table-0514-315,2,1.791,smarttable
56,Q0,table-0546-964,3,1.669,smarttable
56,Q0,table-0548-553,4,1.649,smarttable
56,Q0,table-0514-321,5,1.626,smarttable
56,Q0,table-0548-554,6,1.602,smarttable
56,Q0,table-0546-963,7,1.551,smarttable
56,Q0,table-1448-80,8,1.488,smarttable
56,Q0,table-0805-12,9,1.424,smarttable
56,Q0,table-0514-566,10,1.398,smarttable
56,Q0,table-1479-565,11,0.933,smarttable
56,Q0,table-1436-698,12,0.411,smarttable
56,Q0,table-1114-461,13,0.324,smarttable
56,Q0,table-1510-622,14,0.295,smarttable
56,Q0,table-1559-591,15,0.26,smarttable
57,Q0,table-1098-540,1,0.803,smarttable
57,Q0,table-1603-678,2,0.697,smarttable
57,Q0,table-1603-684,3,0.209,smarttable
57,Q0,table-0875-544,4,0.114,smarttable
57,Q0,table-0221-888,5,0.097,smarttable
57,Q0,table-0976-487,6,0.087,smarttable
57,Q0,table-1316-990,7,0.075,smarttable
57,Q0,table-0817-899,8,0.067,smarttable
57,Q0,table-1473-106,9,0.057,smarttable
57,Q0,table-1542-271,10.5,0.054,smarttable
57,Q0,table-0212-250,10.5,0.054,smarttable
57,Q0,table-1473-104,12,0.053,smarttable
57,Q0,table-1473-105,13,0.047,smarttable
57,Q0,table-0094-982,14,0.038,smarttable
57,Q0,table-0443-553,15,0.03,smarttable
58,Q0,table-0721-948,1,0.976,smarttable
58,Q0,table-0817-634,2,0.863,smarttable
58,Q0,table-0721-949,3,0.84,smarttable
58,Q0,table-1311-373,4,0.839,smarttable
58,Q0,table-1356-303,5,0.765,smarttable
58,Q0,table-0651-51,6,0.727,smarttable
58,Q0,table-1154-432,7,0.661,smarttable
58,Q0,table-0547-658,8,0.154,smarttable
58,Q0,table-1288-783,9,0.132,smarttable
58,Q0,table-0627-582,10,0.121,smarttable
58,Q0,table-0462-618,11,0.101,smarttable
58,Q0,table-0606-7,12,0.082,smarttable
58,Q0,table-0978-10,13,0.076,smarttable
58,Q0,table-0837-518,14,0.074,smarttable
58,Q0,table-1238-589,15,0.07,smarttable
59,Q0,table-1219-20,1,1.62,smarttable
59,Q0,table-1437-680,2,1.023,smarttable
59,Q0,table-1264-76,3,1.017,smarttable
59,Q0,table-1542-143,4,1.008,smarttable
59,Q0,table-1113-680,5,0.929,smarttable
59,Q0,table-1627-819,6,0.923,smarttable
59,Q0,table-1421-433,7,0.916,smarttable
59,Q0,table-1054-794,8,0.911,smarttable
59,Q0,table-1490-102,9,0.819,smarttable
59,Q0,table-1421-438,10,0.785,smarttable
59,Q0,table-1542-144,11,0.77,smarttable
59,Q0,table-1621-797,12,0.765,smarttable
59,Q0,table-0228-438,13,0.748,smarttable
59,Q0,table-0474-103,14,0.228,smarttable
59,Q0,table-1088-407,15,0.218,smarttable
60,Q0,table-0030-123,1,1.664,smarttable
60,Q0,table-1279-578,2,1.663,smarttable
60,Q0,table-0872-44,3,1.637,smarttable
60,Q0,table-0604-281,4,1.625,smarttable
60,Q0,table-0497-384,5,1.614,smarttable
60,Q0,table-0379-27,6,1.611,smarttable
60,Q0,table-0221-887,7,1.501,smarttable
60,Q0,table-0609-879,8,1.265,smarttable
60,Q0,table-1376-550,9,1.106,smarttable
60,Q0,table-0119-465,10,1.044,smarttable
60,Q0,table-1053-407,11,0.965,smarttable
60,Q0,table-1464-4,12,0.951,smarttable
60,Q0,table-1353-328,13,0.897,smarttable
60,Q0,table-0902-57,14,0.771,smarttable
60,Q0,table-0831-590,15,0.769,smarttable